,date,open,close,high,low,volume,code
0,2014-01-02,2323.43,2321.98,2325.99,2310.65,45194291.0,sh000300
1,2014-01-03,2311.97,2290.78,2314.84,2280.89,59782645.0,sh000300
2,2014-01-06,2286.37,2238.64,2286.37,2229.33,66300403.0,sh000300
3,2014-01-07,2222.31,2238.0,2246.79,2218.65,43753103.0,sh000300
4,2014-01-08,2240.64,2241.91,2262.58,2228.42,51348854.0,sh000300
5,2014-01-09,2236.97,2222.22,2258.89,2220.8,55987041.0,sh000300
6,2014-01-10,2216.52,2204.85,2224.49,2200.22,54169293.0,sh000300
7,2014-01-13,2207.0,2193.68,2222.07,2183.6,50122772.0,sh000300
8,2014-01-14,2192.84,2212.85,2214.12,2179.91,54049947.0,sh000300
9,2014-01-15,2210.02,2208.94,2215.9,2193.8,48962395.0,sh000300
10,2014-01-16,2209.45,2211.84,2227.26,2201.56,52298902.0,sh000300
11,2014-01-17,2203.82,2178.49,2205.97,2175.88,50273155.0,sh000300
12,2014-01-20,2173.65,2165.99,2182.46,2156.46,40560154.0,sh000300
13,2014-01-21,2168.42,2187.41,2197.92,2168.42,40306247.0,sh000300
14,2014-01-22,2190.43,2243.8,2244.13,2187.53,70641375.0,sh000300
15,2014-01-23,2242.25,2231.89,2248.92,2228.06,56345951.0,sh000300
16,2014-01-24,2225.76,2245.68,2257.35,2222.89,61167670.0,sh000300
17,2014-01-27,2233.01,2215.92,2233.23,2211.8,70344246.0,sh000300
18,2014-01-28,2220.78,2219.85,2233.26,2205.97,53269130.0,sh000300
19,2014-01-29,2225.71,2227.78,2233.06,2219.93,50222717.0,sh000300
20,2014-01-30,2223.16,2202.45,2223.16,2200.22,43632304.0,sh000300
21,2014-02-07,2187.34,2212.48,2212.5,2177.12,50459315.0,sh000300
22,2014-02-10,2221.54,2267.53,2270.19,2221.54,83065716.0,sh000300
23,2014-02-11,2267.74,2285.56,2296.52,2262.6,99229829.0,sh000300
24,2014-02-12,2286.19,2291.25,2294.32,2276.44,76592161.0,sh000300
25,2014-02-13,2288.45,2279.55,2307.47,2278.26,96217789.0,sh000300
26,2014-02-14,2278.4,2295.57,2295.85,2274.43,67082997.0,sh000300
27,2014-02-17,2308.79,2311.65,2315.58,2293.55,87831666.0,sh000300
28,2014-02-18,2310.31,2282.44,2310.31,2276.11,87049743.0,sh000300
29,2014-02-19,2280.93,2308.66,2317.42,2274.15,99352561.0,sh000300
30,2014-02-20,2314.09,2287.44,2331.7,2286.2,106439533.0,sh000300
31,2014-02-21,2284.03,2264.29,2287.87,2250.65,76368993.0,sh000300
32,2014-02-24,2246.72,2214.51,2246.72,2194.16,89215939.0,sh000300
33,2014-02-25,2216.51,2157.91,2225.21,2150.09,93237551.0,sh000300
34,2014-02-26,2147.74,2163.41,2164.7,2137.08,77993297.0,sh000300
35,2014-02-27,2170.81,2154.11,2180.06,2150.14,90104296.0,sh000300
36,2014-02-28,2149.45,2178.97,2180.47,2133.55,76668057.0,sh000300
37,2014-03-03,2173.91,2190.37,2194.22,2167.91,82072314.0,sh000300
38,2014-03-04,2183.86,2184.27,2188.6,2161.59,73069250.0,sh000300
39,2014-03-05,2187.35,2163.98,2189.09,2159.59,61332015.0,sh000300
40,2014-03-06,2159.4,2173.63,2181.43,2136.45,69093767.0,sh000300
41,2014-03-07,2170.04,2168.36,2189.39,2161.44,64265177.0,sh000300
42,2014-03-10,2149.68,2097.79,2149.68,2095.07,71416407.0,sh000300
43,2014-03-11,2092.61,2108.66,2118.79,2088.73,57621243.0,sh000300
44,2014-03-12,2102.8,2114.13,2130.59,2090.76,70069747.0,sh000300
45,2014-03-13,2119.55,2140.33,2149.44,2115.99,69226028.0,sh000300
46,2014-03-14,2129.87,2122.84,2140.38,2109.57,58617737.0,sh000300
47,2014-03-17,2132.79,2143.04,2143.2,2118.95,52409445.0,sh000300
48,2014-03-18,2146.12,2138.13,2152.46,2134.92,55354132.0,sh000300
49,2014-03-19,2131.28,2120.87,2131.28,2101.28,59303905.0,sh000300
50,2014-03-20,2116.19,2086.97,2134.79,2086.5,67631285.0,sh000300
51,2014-03-21,2079.87,2158.8,2163.23,2077.76,104024807.0,sh000300
52,2014-03-24,2161.9,2176.55,2186.73,2150.87,104491984.0,sh000300
53,2014-03-25,2170.78,2174.44,2191.49,2164.67,86877510.0,sh000300
54,2014-03-26,2181.23,2171.05,2186.08,2165.22,58276176.0,sh000300
55,2014-03-27,2168.34,2155.71,2186.89,2146.92,71275132.0,sh000300
56,2014-03-28,2154.51,2151.97,2172.67,2144.58,70086073.0,sh000300
57,2014-03-31,2156.05,2146.3,2165.25,2134.42,55457488.0,sh000300
58,2014-04-01,2143.72,2163.11,2170.09,2141.15,48866403.0,sh000300
59,2014-04-02,2166.07,2180.73,2182.68,2164.01,65039257.0,sh000300
60,2014-04-03,2188.64,2165.01,2196.14,2160.75,71536032.0,sh000300
61,2014-04-04,2157.98,2185.47,2186.15,2155.28,47945888.0,sh000300
62,2014-04-08,2179.92,2237.32,2243.97,2178.91,97219117.0,sh000300
63,2014-04-09,2239.79,2238.62,2246.79,2228.99,66357268.0,sh000300
64,2014-04-10,2241.45,2273.76,2290.74,2229.51,114545405.0,sh000300
65,2014-04-11,2269.56,2270.67,2281.1,2261.13,90615897.0,sh000300
66,2014-04-14,2267.94,2268.61,2275.83,2255.46,62264998.0,sh000300
67,2014-04-15,2261.41,2229.46,2261.47,2225.69,68218130.0,sh000300
68,2014-04-16,2223.47,2232.53,2245.31,2221.15,51678010.0,sh000300
69,2014-04-17,2238.78,2224.8,2241.62,2221.95,48333628.0,sh000300
70,2014-04-18,2215.88,2224.48,2228.77,2203.05,50757995.0,sh000300
71,2014-04-21,2209.94,2187.25,2231.71,2186.75,56278280.0,sh000300
72,2014-04-22,2184.02,2196.79,2196.85,2165.07,57094694.0,sh000300
73,2014-04-23,2191.23,2194.24,2205.59,2187.39,45197052.0,sh000300
74,2014-04-24,2192.77,2190.47,2209.45,2186.76,45058911.0,sh000300
75,2014-04-25,2195.81,2167.83,2201.71,2167.64,60245383.0,sh000300
76,2014-04-28,2165.77,2134.97,2171.39,2132.7,60485187.0,sh000300
77,2014-04-29,2134.41,2158.47,2159.38,2131.78,48204931.0,sh000300
78,2014-04-30,2158.76,2158.66,2164.18,2153.12,45334624.0,sh000300
79,2014-05-05,2152.59,2156.47,2161.7,2131.23,49344073.0,sh000300
80,2014-05-06,2151.39,2157.33,2173.62,2150.11,48086519.0,sh000300
81,2014-05-07,2151.47,2137.32,2153.72,2136.99,44607470.0,sh000300
82,2014-05-08,2132.04,2135.5,2168.21,2128.32,48332452.0,sh000300
83,2014-05-09,2138.84,2133.91,2141.56,2120.59,49181135.0,sh000300
84,2014-05-12,2150.31,2180.05,2184.33,2139.48,83472560.0,sh000300
85,2014-05-13,2180.06,2174.85,2185.05,2167.77,64912518.0,sh000300
86,2014-05-14,2175.09,2172.37,2184.22,2169.0,48514206.0,sh000300
87,2014-05-15,2169.28,2144.08,2171.45,2142.34,46734032.0,sh000300
88,2014-05-16,2143.93,2145.95,2150.5,2132.19,42253197.0,sh000300
89,2014-05-19,2139.36,2115.14,2139.36,2105.71,42893607.0,sh000300
90,2014-05-20,2124.71,2115.77,2131.57,2110.72,37299683.0,sh000300
91,2014-05-21,2106.76,2135.91,2136.1,2096.51,38946042.0,sh000300
92,2014-05-22,2134.09,2130.87,2160.91,2128.86,46252736.0,sh000300
93,2014-05-23,2130.77,2148.41,2148.58,2128.66,37623105.0,sh000300
94,2014-05-26,2161.89,2155.98,2165.42,2147.45,39550656.0,sh000300
95,2014-05-27,2154.4,2147.28,2160.03,2145.75,35897171.0,sh000300
96,2014-05-28,2147.47,2169.35,2171.17,2142.01,50056260.0,sh000300
97,2014-05-29,2171.26,2155.16,2178.09,2154.93,44891556.0,sh000300
98,2014-05-30,2156.38,2156.46,2166.91,2146.22,43923863.0,sh000300
99,2014-06-03,2157.64,2149.92,2169.0,2149.29,41982954.0,sh000300
100,2014-06-04,2149.41,2128.27,2149.45,2117.31,41817249.0,sh000300
101,2014-06-05,2126.61,2150.6,2150.93,2123.52,36477424.0,sh000300
102,2014-06-06,2149.21,2134.72,2149.78,2123.98,35738058.0,sh000300
103,2014-06-09,2128.23,2134.28,2153.9,2126.67,39311060.0,sh000300
104,2014-06-10,2138.67,2161.27,2161.53,2132.45,50507902.0,sh000300
105,2014-06-11,2156.15,2160.77,2163.61,2152.08,42563718.0,sh000300
106,2014-06-12,2156.76,2153.41,2160.99,2148.41,43025843.0,sh000300
107,2014-06-13,2150.99,2176.24,2183.65,2150.57,59252876.0,sh000300
108,2014-06-16,2176.44,2191.85,2196.34,2174.28,63296875.0,sh000300
109,2014-06-17,2185.68,2169.67,2185.68,2168.45,49933665.0,sh000300
110,2014-06-18,2169.25,2160.24,2172.55,2158.5,49463897.0,sh000300
111,2014-06-19,2161.43,2126.91,2166.41,2119.5,53162645.0,sh000300
112,2014-06-20,2124.96,2136.73,2137.03,2120.81,42393719.0,sh000300
113,2014-06-23,2137.93,2134.11,2147.23,2132.45,41179258.0,sh000300
114,2014-06-24,2131.69,2144.82,2145.21,2130.29,40164356.0,sh000300
115,2014-06-25,2141.73,2133.37,2141.73,2126.03,37666100.0,sh000300
116,2014-06-26,2135.16,2149.08,2151.11,2134.89,44351166.0,sh000300
117,2014-06-27,2146.37,2150.26,2159.53,2138.93,52722896.0,sh000300
118,2014-06-30,2152.31,2165.12,2168.22,2152.31,54304188.0,sh000300
119,2014-07-01,2169.2,2164.56,2171.15,2157.13,53323100.0,sh000300
120,2014-07-02,2164.0,2170.87,2171.51,2155.61,59685501.0,sh000300
121,2014-07-03,2169.0,2180.19,2184.96,2164.84,63690690.0,sh000300
122,2014-07-04,2180.45,2178.7,2183.8,2174.07,52851106.0,sh000300
123,2014-07-07,2178.55,2176.29,2186.2,2171.08,50242334.0,sh000300
124,2014-07-08,2174.83,2180.47,2180.78,2163.36,50743599.0,sh000300
125,2014-07-09,2178.14,2148.71,2178.51,2148.26,62022046.0,sh000300
126,2014-07-10,2146.6,2142.85,2151.77,2139.52,55732497.0,sh000300
127,2014-07-11,2136.32,2148.01,2154.74,2134.79,61374274.0,sh000300
128,2014-07-14,2149.54,2171.76,2171.9,2145.28,66158863.0,sh000300
129,2014-07-15,2170.09,2174.98,2176.27,2165.21,71815694.0,sh000300
130,2014-07-16,2172.82,2170.87,2183.25,2166.77,81560230.0,sh000300
131,2014-07-17,2166.83,2157.07,2166.93,2147.08,59453568.0,sh000300
132,2014-07-18,2147.66,2164.14,2176.32,2145.45,65473295.0,sh000300
133,2014-07-21,2164.22,2166.29,2171.94,2158.96,54172260.0,sh000300
134,2014-07-22,2162.44,2192.7,2197.59,2162.24,78542583.0,sh000300
135,2014-07-23,2191.39,2197.83,2210.28,2190.55,84213872.0,sh000300
136,2014-07-24,2199.83,2237.01,2239.81,2199.83,119435534.0,sh000300
137,2014-07-25,2243.07,2260.45,2260.89,2239.07,98972838.0,sh000300
138,2014-07-28,2272.38,2323.9,2331.47,2272.38,179869333.0,sh000300
139,2014-07-29,2326.04,2331.37,2342.77,2316.22,134269641.0,sh000300
140,2014-07-30,2324.69,2322.01,2339.04,2316.06,123022832.0,sh000300
141,2014-07-31,2321.97,2350.25,2350.55,2316.58,110987769.0,sh000300
142,2014-08-01,2341.23,2329.4,2371.5,2328.97,126317390.0,sh000300
143,2014-08-04,2336.63,2375.62,2375.62,2332.14,116713754.0,sh000300
144,2014-08-05,2376.8,2369.35,2380.77,2353.79,111861789.0,sh000300
145,2014-08-06,2358.21,2363.22,2371.67,2334.33,116341829.0,sh000300
146,2014-08-07,2363.61,2327.46,2369.2,2326.27,116729210.0,sh000300
147,2014-08-08,2329.18,2331.13,2339.27,2319.29,86739694.0,sh000300
148,2014-08-11,2338.01,2365.35,2367.0,2337.01,91601171.0,sh000300
149,2014-08-12,2361.17,2357.05,2361.17,2344.72,91822608.0,sh000300
150,2014-08-13,2358.46,2358.9,2370.51,2335.69,110447789.0,sh000300
151,2014-08-14,2357.2,2335.95,2363.18,2334.08,97969493.0,sh000300
152,2014-08-15,2337.99,2360.64,2366.9,2333.12,93592546.0,sh000300
153,2014-08-18,2366.27,2374.56,2379.8,2361.2,104509554.0,sh000300
154,2014-08-19,2378.89,2374.77,2379.47,2358.97,115850020.0,sh000300
155,2014-08-20,2371.65,2366.14,2375.48,2360.84,101288088.0,sh000300
156,2014-08-21,2365.73,2354.24,2367.46,2333.3,100690211.0,sh000300
157,2014-08-22,2352.32,2365.36,2368.46,2350.99,89823938.0,sh000300
158,2014-08-25,2367.02,2342.86,2367.61,2338.46,97373717.0,sh000300
159,2014-08-26,2339.6,2324.09,2350.39,2317.18,93844222.0,sh000300
160,2014-08-27,2323.79,2327.59,2336.74,2322.89,67676221.0,sh000300
161,2014-08-28,2328.06,2311.28,2336.36,2309.64,70490655.0,sh000300
162,2014-08-29,2317.3,2338.29,2338.77,2313.26,63211423.0,sh000300
163,2014-09-01,2340.93,2355.32,2355.55,2338.53,77320870.0,sh000300
164,2014-09-02,2359.86,2386.46,2387.66,2349.95,114436733.0,sh000300
165,2014-09-03,2389.69,2408.84,2414.26,2389.68,129734204.0,sh000300
166,2014-09-04,2411.93,2426.22,2427.3,2404.08,111272298.0,sh000300
167,2014-09-05,2433.17,2449.26,2450.63,2427.99,133551764.0,sh000300
168,2014-09-09,2452.23,2445.22,2454.89,2437.08,118194344.0,sh000300
169,2014-09-10,2435.59,2432.43,2437.08,2422.65,109175517.0,sh000300
170,2014-09-11,2430.68,2423.45,2461.47,2417.27,132982583.0,sh000300
171,2014-09-12,2418.75,2438.36,2438.36,2412.62,109160170.0,sh000300
172,2014-09-15,2433.0,2437.19,2439.25,2418.96,122247159.0,sh000300
173,2014-09-16,2440.34,2388.76,2442.92,2386.98,186742791.0,sh000300
174,2014-09-17,2395.36,2401.33,2405.37,2379.09,125269028.0,sh000300
175,2014-09-18,2396.38,2408.66,2414.95,2389.62,115926376.0,sh000300
176,2014-09-19,2409.31,2425.21,2430.15,2402.31,101813577.0,sh000300
177,2014-09-22,2419.33,2378.92,2419.33,2374.11,102240870.0,sh000300
178,2014-09-23,2379.52,2399.46,2402.48,2379.52,84033341.0,sh000300
179,2014-09-24,2391.42,2441.86,2443.98,2387.07,142713530.0,sh000300
180,2014-09-25,2453.42,2436.97,2462.67,2429.59,138661891.0,sh000300
181,2014-09-26,2430.81,2437.2,2439.65,2420.5,100299494.0,sh000300
182,2014-09-29,2443.91,2447.8,2453.67,2435.61,123401727.0,sh000300
183,2014-09-30,2452.17,2450.99,2454.89,2444.2,115804229.0,sh000300
184,2014-10-08,2460.87,2478.38,2478.38,2445.27,121953604.0,sh000300
185,2014-10-09,2480.2,2481.96,2488.11,2461.11,137923920.0,sh000300
186,2014-10-10,2472.1,2466.79,2482.14,2457.68,147634307.0,sh000300
187,2014-10-13,2457.41,2454.95,2460.39,2430.55,131593362.0,sh000300
188,2014-10-14,2451.09,2446.56,2467.9,2436.34,127393705.0,sh000300
189,2014-10-15,2444.54,2463.87,2465.5,2431.19,135801882.0,sh000300
190,2014-10-16,2448.97,2444.4,2480.3,2441.82,158166603.0,sh000300
191,2014-10-17,2443.22,2441.73,2456.1,2410.4,132759988.0,sh000300
192,2014-10-20,2448.45,2454.71,2456.62,2441.9,91435401.0,sh000300
193,2014-10-21,2453.41,2433.39,2459.25,2432.55,96241912.0,sh000300
194,2014-10-22,2434.89,2418.64,2447.47,2417.56,88656193.0,sh000300
195,2014-10-23,2415.44,2395.94,2424.66,2392.53,103491839.0,sh000300
196,2014-10-24,2397.85,2390.71,2404.99,2385.73,74974869.0,sh000300
197,2014-10-27,2377.54,2368.83,2377.54,2361.68,73862447.0,sh000300
198,2014-10-28,2373.16,2416.65,2416.77,2373.16,101523055.0,sh000300
199,2014-10-29,2423.81,2451.38,2461.27,2415.7,158584062.0,sh000300
200,2014-10-30,2450.36,2468.93,2474.38,2443.76,189626353.0,sh000300
201,2014-10-31,2473.5,2508.32,2512.19,2466.5,239172412.0,sh000300
202,2014-11-03,2515.82,2512.55,2524.17,2502.06,205801228.0,sh000300
203,2014-11-04,2511.04,2513.17,2517.46,2498.6,218247005.0,sh000300
204,2014-11-05,2516.87,2503.45,2519.4,2499.23,190491862.0,sh000300
205,2014-11-06,2505.17,2506.07,2510.99,2482.98,149651117.0,sh000300
206,2014-11-07,2508.76,2502.15,2541.55,2489.42,208760911.0,sh000300
207,2014-11-10,2529.83,2565.73,2565.73,2514.71,226599735.0,sh000300
208,2014-11-11,2578.44,2558.61,2602.37,2532.57,323711656.0,sh000300
209,2014-11-12,2545.4,2594.32,2594.32,2539.6,184686261.0,sh000300
210,2014-11-13,2597.39,2579.75,2607.52,2567.46,219815615.0,sh000300
211,2014-11-14,2569.21,2581.09,2581.93,2557.67,165049965.0,sh000300
212,2014-11-17,2613.51,2567.1,2614.09,2565.94,158478095.0,sh000300
213,2014-11-18,2565.27,2541.42,2570.21,2534.93,142941356.0,sh000300
214,2014-11-19,2538.23,2537.22,2550.5,2531.32,122146974.0,sh000300
215,2014-11-20,2528.78,2537.1,2545.47,2522.84,106149864.0,sh000300
216,2014-11-21,2537.54,2583.46,2585.36,2530.03,151028139.0,sh000300
217,2014-11-24,2614.16,2649.26,2667.67,2602.94,279839720.0,sh000300
218,2014-11-25,2650.08,2685.56,2686.06,2643.84,222611699.0,sh000300
219,2014-11-26,2695.26,2723.02,2723.36,2690.31,243962485.0,sh000300
220,2014-11-27,2737.03,2754.49,2754.49,2718.7,265464730.0,sh000300
221,2014-11-28,2753.93,2808.82,2809.54,2740.37,375323662.0,sh000300
222,2014-12-01,2825.61,2819.81,2855.33,2808.65,365487417.0,sh000300
223,2014-12-02,2807.34,2923.94,2944.51,2804.29,361465322.0,sh000300
224,2014-12-03,2936.12,2967.55,3028.23,2912.25,466156685.0,sh000300
225,2014-12-04,2975.4,3104.35,3104.89,2968.88,426812928.0,sh000300
226,2014-12-05,3143.97,3124.89,3195.8,3011.94,524881260.0,sh000300
227,2014-12-08,3108.27,3252.88,3270.88,3075.7,484462344.0,sh000300
228,2014-12-09,3233.1,3106.91,3387.83,3074.52,632874567.0,sh000300
229,2014-12-10,3120.21,3221.55,3229.05,3058.19,425018708.0,sh000300
230,2014-12-11,3185.16,3183.01,3254.42,3158.44,367091691.0,sh000300
231,2014-12-12,3182.92,3193.23,3239.45,3167.93,301065325.0,sh000300
232,2014-12-15,3176.83,3217.23,3226.22,3143.3,290193834.0,sh000300
233,2014-12-16,3221.36,3303.4,3303.4,3207.69,358123847.0,sh000300
234,2014-12-17,3325.82,3360.6,3368.19,3275.74,448140770.0,sh000300
235,2014-12-18,3359.09,3345.93,3393.71,3322.23,355970207.0,sh000300
236,2014-12-19,3345.63,3383.17,3397.18,3280.92,411211590.0,sh000300
237,2014-12-22,3396.25,3394.48,3455.21,3357.66,549801671.0,sh000300
238,2014-12-23,3358.8,3324.92,3431.78,3316.91,369736093.0,sh000300
239,2014-12-24,3332.15,3230.39,3340.36,3188.5,317449587.0,sh000300
240,2014-12-25,3254.48,3335.42,3335.78,3226.32,309799547.0,sh000300
241,2014-12-26,3343.64,3445.84,3453.34,3335.01,384614124.0,sh000300
242,2014-12-29,3502.18,3455.46,3524.28,3405.84,425015037.0,sh000300
243,2014-12-30,3450.81,3457.55,3491.83,3422.17,328233873.0,sh000300
244,2014-12-31,3462.39,3533.71,3542.34,3452.5,345934760.0,sh000300
245,2015-01-05,3566.09,3641.54,3669.04,3551.51,451198098.0,sh000300
246,2015-01-06,3608.43,3641.06,3683.23,3587.23,420962185.0,sh000300
247,2015-01-07,3620.92,3643.79,3671.19,3601.7,320191232.0,sh000300
248,2015-01-08,3650.07,3559.26,3659.95,3552.1,295003045.0,sh000300
249,2015-01-09,3547.57,3546.72,3689.75,3536.4,349982672.0,sh000300
250,2015-01-12,3531.51,3513.58,3560.53,3461.32,266567175.0,sh000300
251,2015-01-13,3506.45,3514.04,3550.16,3494.77,187153965.0,sh000300
252,2015-01-14,3522.91,3502.42,3547.24,3471.56,196012510.0,sh000300
253,2015-01-15,3501.72,3604.12,3604.12,3482.27,237812338.0,sh000300
254,2015-01-16,3616.25,3635.15,3662.16,3601.26,282681614.0,sh000300
255,2015-01-19,3414.01,3355.16,3497.25,3330.98,329505275.0,sh000300
256,2015-01-20,3336.79,3396.22,3419.2,3325.68,297843232.0,sh000300
257,2015-01-21,3420.49,3548.89,3557.79,3409.43,337928210.0,sh000300
258,2015-01-22,3551.05,3567.61,3576.76,3520.05,268853599.0,sh000300
259,2015-01-23,3582.09,3571.73,3627.81,3548.63,280172172.0,sh000300
260,2015-01-26,3580.12,3607.99,3611.62,3559.38,239766203.0,sh000300
261,2015-01-27,3614.04,3574.93,3616.26,3510.02,287669179.0,sh000300
262,2015-01-28,3547.24,3525.32,3583.31,3512.39,216220214.0,sh000300
263,2015-01-29,3474.92,3481.8,3505.58,3453.9,211618860.0,sh000300
264,2015-01-30,3496.89,3434.39,3514.22,3431.94,196479157.0,sh000300
265,2015-02-02,3360.19,3353.96,3407.26,3347.08,195183699.0,sh000300
266,2015-02-03,3388.6,3437.45,3441.71,3360.72,192846096.0,sh000300
267,2015-02-04,3446.14,3401.77,3476.82,3399.56,191304349.0,sh000300
268,2015-02-05,3487.95,3366.95,3487.95,3366.86,250430609.0,sh000300
269,2015-02-06,3352.33,3312.42,3374.05,3285.94,192664186.0,sh000300
270,2015-02-09,3305.73,3345.92,3376.53,3298.6,172353820.0,sh000300
271,2015-02-10,3345.08,3406.94,3407.18,3339.55,159309088.0,sh000300
272,2015-02-11,3415.98,3434.12,3445.66,3412.14,144613772.0,sh000300
273,2015-02-12,3435.36,3442.87,3453.58,3405.63,156081691.0,sh000300
274,2015-02-13,3458.83,3469.83,3509.5,3452.08,201089971.0,sh000300
275,2015-02-16,3473.29,3499.48,3504.48,3466.61,165641343.0,sh000300
276,2015-02-17,3511.54,3522.32,3536.82,3511.09,165328313.0,sh000300
277,2015-02-25,3529.55,3478.73,3529.55,3463.96,165539351.0,sh000300
278,2015-02-26,3473.71,3566.29,3569.33,3456.87,229328438.0,sh000300
279,2015-02-27,3565.23,3572.84,3594.81,3560.46,222786438.0,sh000300
280,2015-03-02,3603.45,3601.26,3608.69,3566.53,248176125.0,sh000300
281,2015-03-03,3579.31,3507.9,3579.31,3504.2,261866489.0,sh000300
282,2015-03-04,3514.67,3530.82,3540.91,3497.17,199663981.0,sh000300
283,2015-03-05,3513.25,3496.34,3517.08,3467.68,217508805.0,sh000300
284,2015-03-06,3501.18,3478.52,3516.24,3472.39,181518054.0,sh000300
285,2015-03-09,3449.7,3537.75,3546.71,3417.49,233940411.0,sh000300
286,2015-03-10,3523.64,3520.61,3551.21,3511.99,194267657.0,sh000300
287,2015-03-11,3524.57,3524.65,3568.92,3512.22,188947825.0,sh000300
288,2015-03-12,3557.69,3592.84,3603.34,3536.53,265664625.0,sh000300
289,2015-03-13,3604.67,3617.66,3641.39,3594.74,246864768.0,sh000300
290,2015-03-16,3641.77,3705.67,3705.74,3621.12,275438307.0,sh000300
291,2015-03-17,3733.96,3757.12,3762.57,3716.81,371625666.0,sh000300
292,2015-03-18,3769.09,3846.05,3846.05,3763.85,415190011.0,sh000300
293,2015-03-19,3851.25,3839.74,3859.13,3809.71,391547630.0,sh000300
294,2015-03-20,3852.49,3892.57,3916.86,3832.42,401817552.0,sh000300
295,2015-03-23,3923.08,3972.06,3972.3,3922.21,391119922.0,sh000300
296,2015-03-24,3980.07,3973.05,3989.86,3883.78,468581312.0,sh000300
297,2015-03-25,3961.58,3940.41,3980.72,3913.99,379968851.0,sh000300
298,2015-03-26,3921.75,3950.0,3992.0,3892.88,346756315.0,sh000300
299,2015-03-27,3957.542,3971.697,3993.032,3993.032,298756064.0,sh000300
300,2015-03-30,3999.02,4088.18,4101.65,3999.02,428297020.0,sh000300
301,2015-03-31,4138.88,4051.2,4166.02,4037.77,436065635.0,sh000300
302,2015-04-01,4057.5,4123.9,4139.5,4046.94,329512853.0,sh000300
303,2015-04-02,4149.95,4124.78,4156.84,4068.65,339070487.0,sh000300
304,2015-04-03,4104.67,4170.54,4170.56,4092.38,321303766.0,sh000300
305,2015-04-07,4213.89,4260.04,4260.47,4197.02,415362654.0,sh000300
306,2015-04-08,4277.45,4295.8,4304.78,4204.83,458676715.0,sh000300
307,2015-04-09,4316.96,4262.14,4332.17,4212.61,439699902.0,sh000300
308,2015-04-10,4249.38,4344.42,4351.69,4231.2,348190170.0,sh000300
309,2015-04-13,4394.05,4421.07,4432.02,4361.59,434153036.0,sh000300
310,2015-04-14,4432.13,4438.18,4474.35,4385.91,434432126.0,sh000300
311,2015-04-15,4439.31,4380.51,4476.0,4379.61,472154131.0,sh000300
312,2015-04-16,4355.49,4513.55,4513.77,4335.63,422603748.0,sh000300
313,2015-04-17,4578.68,4596.14,4630.27,4553.9,552802663.0,sh000300
314,2015-04-20,4615.03,4521.92,4671.17,4492.6,686439075.0,sh000300
315,2015-04-21,4520.46,4619.16,4620.06,4504.56,490314991.0,sh000300
316,2015-04-22,4637.06,4739.81,4740.93,4632.59,516213792.0,sh000300
317,2015-04-23,4764.48,4740.89,4782.04,4693.97,497430954.0,sh000300
318,2015-04-24,4682.63,4702.64,4730.43,4618.32,480152936.0,sh000300
319,2015-04-27,4753.87,4807.59,4810.48,4735.31,513076548.0,sh000300
320,2015-04-28,4811.32,4741.86,4839.08,4703.57,608638545.0,sh000300
321,2015-04-29,4722.9,4774.33,4797.93,4695.79,395056980.0,sh000300
322,2015-04-30,4788.41,4749.89,4818.73,4749.48,399727444.0,sh000300
323,2015-05-04,4757.64,4787.74,4795.92,4699.4,377843853.0,sh000300
324,2015-05-05,4785.19,4596.84,4785.19,4572.98,460419626.0,sh000300
325,2015-05-06,4626.23,4553.33,4700.91,4511.76,376073702.0,sh000300
326,2015-05-07,4520.82,4470.09,4546.34,4467.46,297759203.0,sh000300
327,2015-05-08,4515.55,4558.4,4559.06,4445.59,302407967.0,sh000300
328,2015-05-11,4582.09,4690.53,4690.95,4535.15,373838420.0,sh000300
329,2015-05-12,4692.12,4747.42,4748.0,4660.02,377053891.0,sh000300
330,2015-05-13,4746.71,4718.44,4758.0,4678.85,370730424.0,sh000300
331,2015-05-14,4717.96,4700.78,4735.28,4670.17,337725152.0,sh000300
332,2015-05-15,4690.75,4617.47,4690.75,4592.05,328431166.0,sh000300
333,2015-05-18,4582.06,4575.14,4623.38,4565.06,269180489.0,sh000300
334,2015-05-19,4577.64,4731.22,4740.0,4577.64,314785952.0,sh000300
335,2015-05-20,4751.57,4754.92,4843.1,4745.21,363180748.0,sh000300
336,2015-05-21,4768.69,4840.98,4841.62,4746.03,305054537.0,sh000300
337,2015-05-22,4895.92,4951.33,4951.99,4870.6,455846718.0,sh000300
338,2015-05-25,4949.11,5099.5,5099.84,4949.11,465736590.0,sh000300
339,2015-05-26,5140.8,5198.92,5199.29,5063.15,487949359.0,sh000300
340,2015-05-27,5216.17,5181.43,5226.84,5126.86,470798730.0,sh000300
341,2015-05-28,5174.1,4834.01,5213.18,4831.33,571829047.0,sh000300
342,2015-05-29,4839.53,4840.83,4924.3,4665.52,427878859.0,sh000300
343,2015-06-01,4862.76,5076.18,5079.32,4835.77,417503741.0,sh000300
344,2015-06-02,5091.27,5161.87,5162.56,5047.08,412973196.0,sh000300
345,2015-06-03,5176.6,5143.59,5186.97,5059.5,414258270.0,sh000300
346,2015-06-04,5156.01,5181.42,5194.23,4863.46,482767268.0,sh000300
347,2015-06-05,5254.9,5230.55,5288.34,5104.18,545961196.0,sh000300
348,2015-06-08,5259.41,5353.75,5370.61,5202.6,637313237.0,sh000300
349,2015-06-09,5379.47,5317.46,5380.43,5251.21,570427263.0,sh000300
350,2015-06-10,5254.3,5309.11,5374.83,5209.68,442165676.0,sh000300
351,2015-06-11,5305.14,5306.59,5329.29,5248.16,392338755.0,sh000300
352,2015-06-12,5329.28,5335.12,5351.65,5283.09,430131386.0,sh000300
353,2015-06-15,5354.01,5221.17,5362.45,5207.31,475745703.0,sh000300
354,2015-06-16,5165.02,5064.82,5204.3,5015.27,411675638.0,sh000300
355,2015-06-17,5072.31,5138.83,5158.37,4949.29,397124187.0,sh000300
356,2015-06-18,5107.69,4930.55,5121.22,4926.43,364395814.0,sh000300
357,2015-06-19,4847.06,4637.05,4910.45,4634.69,358104744.0,sh000300
358,2015-06-23,4641.42,4786.09,4786.96,4455.33,365087944.0,sh000300
359,2015-06-24,4811.6,4880.13,4883.73,4744.31,434638723.0,sh000300
360,2015-06-25,4906.24,4706.52,4919.26,4667.22,446135982.0,sh000300
361,2015-06-26,4573.87,4336.19,4650.19,4278.67,446639790.0,sh000300
362,2015-06-29,4446.84,4191.55,4451.17,4000.93,525662482.0,sh000300
363,2015-06-30,4161.07,4473.0,4475.77,4016.01,527045280.0,sh000300
364,2015-07-01,4408.98,4253.02,4526.13,4235.7,431721411.0,sh000300
365,2015-07-02,4287.73,4108.0,4312.19,4000.06,457062194.0,sh000300
366,2015-07-03,4017.2,3885.92,4164.63,3785.9,429300850.0,sh000300
367,2015-07-06,4218.27,3998.54,4218.27,3832.47,648094530.0,sh000300
368,2015-07-07,3877.85,3928.0,3960.64,3743.62,679385007.0,sh000300
369,2015-07-08,3651.06,3663.04,3762.62,3612.25,581467097.0,sh000300
370,2015-07-09,3621.68,3897.63,3930.26,3537.83,503870610.0,sh000300
371,2015-07-10,3916.27,4106.56,4179.11,3887.55,500701802.0,sh000300
372,2015-07-13,4132.23,4211.81,4278.16,4072.43,502092186.0,sh000300
373,2015-07-14,4178.63,4112.15,4258.51,4062.5,454422009.0,sh000300
374,2015-07-15,4068.88,3966.76,4114.24,3899.51,421956367.0,sh000300
375,2015-07-16,3949.64,3997.36,4067.02,3856.32,330531345.0,sh000300
376,2015-07-17,4023.76,4151.5,4190.19,4000.23,331107131.0,sh000300
377,2015-07-20,4157.06,4160.61,4221.69,4106.39,352673472.0,sh000300
378,2015-07-21,4109.76,4166.01,4201.48,4081.7,318374945.0,sh000300
379,2015-07-22,4148.56,4157.16,4187.43,4094.71,318945997.0,sh000300
380,2015-07-23,4158.93,4250.81,4262.06,4148.82,354471759.0,sh000300
381,2015-07-24,4255.2,4176.28,4299.65,4154.62,392045373.0,sh000300
382,2015-07-27,4097.8,3818.73,4156.31,3817.17,365054511.0,sh000300
383,2015-07-28,3690.97,3811.09,3883.45,3627.42,383527216.0,sh000300
384,2015-07-29,3839.96,3930.38,3934.0,3769.19,276972845.0,sh000300
385,2015-07-30,3915.78,3815.41,3968.53,3802.88,271548665.0,sh000300
386,2015-07-31,3777.16,3816.7,3863.62,3757.99,222376767.0,sh000300
387,2015-08-03,3766.07,3829.24,3829.24,3742.58,245805030.0,sh000300
388,2015-08-04,3827.37,3948.16,3948.45,3801.03,220236556.0,sh000300
389,2015-08-05,3937.62,3866.9,3962.28,3858.66,200484269.0,sh000300
390,2015-08-06,3802.93,3831.85,3888.69,3793.24,147278694.0,sh000300
391,2015-08-07,3866.43,3906.95,3926.65,3857.91,183349153.0,sh000300
392,2015-08-10,3947.47,4084.36,4101.73,3932.84,306780540.0,sh000300
393,2015-08-11,4083.59,4066.67,4110.13,4042.0,322034191.0,sh000300
394,2015-08-12,4025.67,4016.13,4078.03,4015.35,255146196.0,sh000300
395,2015-08-13,4010.01,4075.46,4075.7,3967.82,242836979.0,sh000300
396,2015-08-14,4097.92,4073.54,4113.16,4056.73,253392996.0,sh000300
397,2015-08-17,4058.11,4077.87,4081.77,4009.99,256939638.0,sh000300
398,2015-08-18,4084.31,3825.41,4103.05,3816.55,319881070.0,sh000300
399,2015-08-19,3748.27,3886.14,3898.74,3668.19,269049839.0,sh000300
400,2015-08-20,3848.4,3761.45,3880.82,3761.45,212167965.0,sh000300
401,2015-08-21,3714.29,3589.54,3757.78,3578.18,217986403.0,sh000300
402,2015-08-24,3454.6,3275.53,3468.15,3266.55,255436652.0,sh000300
403,2015-08-25,3070.01,3042.93,3200.11,3019.56,276081306.0,sh000300
404,2015-08-26,3062.57,3025.69,3192.93,2952.01,308270623.0,sh000300
405,2015-08-27,3092.81,3205.64,3206.72,3028.4,267294930.0,sh000300
406,2015-08-28,3246.24,3342.29,3353.24,3223.62,299498426.0,sh000300
407,2015-08-31,3307.4,3366.54,3368.28,3205.54,280250403.0,sh000300
408,2015-09-01,3296.53,3362.08,3370.5,3190.58,352458528.0,sh000300
409,2015-09-02,3220.85,3365.83,3387.02,3213.64,347789412.0,sh000300
410,2015-09-07,3347.29,3250.49,3422.23,3240.24,204224431.0,sh000300
411,2015-09-08,3221.79,3334.02,3340.22,3170.81,154599631.0,sh000300
412,2015-09-09,3344.82,3399.3,3426.65,3330.29,220467421.0,sh000300
413,2015-09-10,3349.28,3357.56,3398.32,3337.31,144882971.0,sh000300
414,2015-09-11,3349.88,3347.19,3383.13,3315.48,108547508.0,sh000300
415,2015-09-14,3367.64,3281.13,3373.92,3187.57,205457251.0,sh000300
416,2015-09-15,3208.74,3152.23,3240.08,3131.98,143555641.0,sh000300
417,2015-09-16,3149.16,3309.25,3345.92,3131.37,159709994.0,sh000300
418,2015-09-17,3287.66,3237.0,3354.91,3237.0,169401881.0,sh000300
419,2015-09-18,3254.44,3251.27,3280.88,3227.83,106903481.0,sh000300
420,2015-09-21,3222.6,3308.25,3312.55,3211.93,122788668.0,sh000300
421,2015-09-22,3312.37,3339.03,3371.41,3303.18,146221985.0,sh000300
422,2015-09-23,3290.07,3263.03,3315.94,3253.33,123171439.0,sh000300
423,2015-09-24,3278.9,3285.0,3300.86,3255.9,102011238.0,sh000300
424,2015-09-25,3272.67,3231.95,3290.86,3201.91,121419278.0,sh000300
425,2015-09-28,3226.61,3242.75,3246.55,3186.51,74219468.0,sh000300
426,2015-09-29,3197.22,3178.85,3208.42,3159.04,87150633.0,sh000300
427,2015-09-30,3195.9,3202.95,3223.91,3186.77,78559349.0,sh000300
428,2015-10-08,3324.98,3296.48,3337.33,3294.6,132081768.0,sh000300
429,2015-10-09,3302.36,3340.12,3352.38,3293.97,124352500.0,sh000300
430,2015-10-12,3351.14,3447.69,3486.63,3347.25,221400468.0,sh000300
431,2015-10-13,3422.48,3445.04,3452.04,3413.97,145433786.0,sh000300
432,2015-10-14,3431.14,3406.11,3458.7,3403.23,152173938.0,sh000300
433,2015-10-15,3403.39,3486.81,3486.81,3402.32,171158299.0,sh000300
434,2015-10-16,3508.52,3534.06,3537.54,3487.1,208964709.0,sh000300
435,2015-10-19,3548.95,3534.18,3573.0,3502.5,207606744.0,sh000300
436,2015-10-20,3527.88,3577.7,3577.8,3510.44,179025108.0,sh000300
437,2015-10-21,3580.84,3473.25,3601.24,3417.41,282076050.0,sh000300
438,2015-10-22,3453.2,3524.53,3530.77,3442.31,184305580.0,sh000300
439,2015-10-23,3536.84,3571.24,3581.84,3515.82,198294478.0,sh000300
440,2015-10-26,3614.7,3589.26,3620.76,3561.19,204248863.0,sh000300
441,2015-10-27,3569.45,3592.88,3601.05,3486.1,192056140.0,sh000300
442,2015-10-28,3575.8,3524.92,3598.17,3517.21,170977098.0,sh000300
443,2015-10-29,3539.98,3533.31,3561.81,3507.97,127010446.0,sh000300
444,2015-10-30,3530.22,3534.08,3574.47,3497.57,139141914.0,sh000300
445,2015-11-02,3489.23,3475.96,3543.45,3474.71,130002568.0,sh000300
446,2015-11-03,3484.72,3465.49,3501.7,3452.62,101401876.0,sh000300
447,2015-11-04,3477.16,3628.54,3628.54,3477.16,205423865.0,sh000300
448,2015-11-05,3630.78,3705.97,3781.41,3627.3,398046568.0,sh000300
449,2015-11-06,3698.34,3793.37,3801.71,3694.66,298753076.0,sh000300
450,2015-11-09,3796.38,3840.35,3891.77,3796.38,356804823.0,sh000300
451,2015-11-10,3806.67,3833.24,3876.49,3798.82,286519603.0,sh000300
452,2015-11-11,3828.45,3833.65,3843.11,3781.41,232234296.0,sh000300
453,2015-11-12,3841.74,3795.32,3843.9,3771.27,217537647.0,sh000300
454,2015-11-13,3756.2,3746.24,3793.71,3727.58,203489891.0,sh000300
455,2015-11-16,3682.74,3764.13,3764.41,3680.07,161690901.0,sh000300
456,2015-11-17,3790.43,3758.39,3852.77,3750.16,248533071.0,sh000300
457,2015-11-18,3760.46,3715.58,3771.85,3706.31,185689495.0,sh000300
458,2015-11-19,3725.62,3774.97,3775.23,3714.68,154631989.0,sh000300
459,2015-11-20,3778.88,3774.38,3793.54,3757.03,186951689.0,sh000300
460,2015-11-23,3774.44,3753.33,3802.85,3743.41,175626812.0,sh000300
461,2015-11-24,3745.76,3753.89,3754.17,3702.74,143383283.0,sh000300
462,2015-11-25,3747.76,3781.61,3781.86,3735.72,151944941.0,sh000300
463,2015-11-26,3795.25,3759.43,3805.84,3756.82,173525468.0,sh000300
464,2015-11-27,3739.1,3556.99,3742.74,3534.39,208939358.0,sh000300
465,2015-11-30,3554.89,3566.41,3587.97,3455.07,173201163.0,sh000300
466,2015-12-01,3562.32,3591.7,3617.3,3536.12,136536554.0,sh000300
467,2015-12-02,3587.76,3721.96,3725.85,3573.4,213538865.0,sh000300
468,2015-12-03,3709.55,3749.3,3758.45,3693.14,197762126.0,sh000300
469,2015-12-04,3719.73,3677.59,3726.12,3667.29,151199522.0,sh000300
470,2015-12-07,3681.58,3687.61,3699.34,3658.58,113883150.0,sh000300
471,2015-12-08,3668.84,3623.02,3668.84,3619.45,125781083.0,sh000300
472,2015-12-09,3613.42,3635.94,3655.16,3611.49,113325422.0,sh000300
473,2015-12-10,3634.37,3623.08,3678.32,3615.99,120215625.0,sh000300
474,2015-12-11,3605.37,3608.06,3630.74,3578.15,110322481.0,sh000300
475,2015-12-14,3573.88,3711.32,3712.5,3571.0,151769119.0,sh000300
476,2015-12-15,3707.73,3694.39,3717.36,3679.23,126481710.0,sh000300
477,2015-12-16,3703.95,3685.44,3713.09,3677.45,111342723.0,sh000300
478,2015-12-17,3712.78,3755.89,3768.84,3709.85,177924075.0,sh000300
479,2015-12-18,3754.96,3767.91,3810.22,3750.93,173465980.0,sh000300
480,2015-12-21,3762.1,3865.97,3877.82,3759.99,217435275.0,sh000300
481,2015-12-22,3872.1,3876.73,3880.47,3841.59,180303661.0,sh000300
482,2015-12-23,3877.87,3866.38,3926.69,3862.97,207017147.0,sh000300
483,2015-12-24,3858.14,3829.4,3867.68,3787.08,147181397.0,sh000300
484,2015-12-25,3832.08,3838.2,3848.02,3813.2,119624013.0,sh000300
485,2015-12-28,3847.53,3727.63,3853.39,3727.63,153988440.0,sh000300
486,2015-12-29,3723.05,3761.87,3762.05,3710.48,101885555.0,sh000300
487,2015-12-30,3762.91,3765.18,3765.66,3726.28,105629955.0,sh000300
488,2015-12-31,3760.9,3731.0,3772.62,3727.32,101873556.0,sh000300
489,2016-01-04,3725.86,3470.41,3726.24,3469.01,115370674.0,sh000300
490,2016-01-05,3382.18,3478.78,3518.22,3377.28,162116984.0,sh000300
491,2016-01-06,3482.41,3539.81,3543.74,3468.47,145966144.0,sh000300
492,2016-01-07,3481.15,3294.38,3481.15,3284.74,44102641.0,sh000300
493,2016-01-08,3371.87,3361.56,3418.85,3237.93,185959451.0,sh000300
494,2016-01-11,3303.12,3192.45,3342.48,3192.45,174638387.0,sh000300
495,2016-01-12,3214.82,3215.71,3242.25,3174.55,128225796.0,sh000300
496,2016-01-13,3240.48,3155.88,3257.3,3155.88,120666494.0,sh000300
497,2016-01-14,3076.64,3221.57,3226.66,3072.04,134537671.0,sh000300
498,2016-01-15,3200.89,3118.73,3216.8,3101.05,124601779.0,sh000300
499,2016-01-18,3068.23,3130.73,3165.62,3066.73,101128386.0,sh000300
500,2016-01-19,3132.7,3223.12,3227.91,3119.22,127653893.0,sh000300
501,2016-01-20,3204.22,3174.38,3225.95,3154.43,130650504.0,sh000300
502,2016-01-21,3136.38,3081.35,3202.54,3081.35,111189733.0,sh000300
503,2016-01-22,3114.9,3113.46,3132.17,3053.96,89951087.0,sh000300
504,2016-01-25,3129.03,3128.89,3149.33,3105.1,81540061.0,sh000300
505,2016-01-26,3099.6,2940.51,3106.53,2934.65,126933921.0,sh000300
506,2016-01-27,2953.18,2930.35,2963.54,2839.29,132229366.0,sh000300
507,2016-01-28,2909.33,2853.76,2941.89,2841.84,99222756.0,sh000300
508,2016-01-29,2855.6,2946.09,2965.31,2854.37,113304259.0,sh000300
509,2016-02-01,2939.04,2901.05,2944.52,2869.56,86795342.0,sh000300
510,2016-02-02,2901.53,2961.33,2972.43,2901.51,88601963.0,sh000300
511,2016-02-03,2931.29,2948.64,2954.71,2909.9,77389000.0,sh000300
512,2016-02-04,2960.33,2984.76,2999.21,2960.21,91779724.0,sh000300
513,2016-02-05,2982.06,2963.79,2988.36,2962.85,76850808.0,sh000300
514,2016-02-15,2888.43,2946.71,2961.49,2886.02,72919434.0,sh000300
515,2016-02-16,2962.19,3037.04,3042.09,2962.19,112579643.0,sh000300
516,2016-02-17,3034.09,3063.32,3065.78,3027.05,128291607.0,sh000300
517,2016-02-18,3079.53,3053.7,3093.51,3049.84,124401464.0,sh000300
518,2016-02-19,3047.94,3051.58,3065.97,3032.63,87338012.0,sh000300
519,2016-02-22,3083.93,3118.87,3128.21,3071.33,140946968.0,sh000300
520,2016-02-23,3117.2,3089.36,3119.22,3061.43,112567391.0,sh000300
521,2016-02-24,3077.61,3109.55,3109.55,3055.25,111782650.0,sh000300
522,2016-02-25,3104.41,2918.75,3104.44,2905.46,157829752.0,sh000300
523,2016-02-26,2942.1,2948.03,2964.39,2902.95,106949729.0,sh000300
524,2016-02-29,2939.58,2877.47,2939.87,2821.21,129341020.0,sh000300
525,2016-03-01,2881.34,2930.69,2950.44,2863.32,116045918.0,sh000300
526,2016-03-02,2933.92,3051.33,3054.72,2933.12,175972347.0,sh000300
527,2016-03-03,3050.39,3058.42,3078.44,3040.25,173105744.0,sh000300
528,2016-03-04,3047.54,3093.89,3101.66,3032.42,219172534.0,sh000300
529,2016-03-07,3109.0,3104.84,3130.9,3083.58,132462037.0,sh000300
530,2016-03-08,3100.15,3107.67,3109.25,3001.83,136235742.0,sh000300
531,2016-03-09,3045.92,3071.91,3072.92,3020.13,111466245.0,sh000300
532,2016-03-10,3056.21,3013.15,3074.16,3012.69,76072197.0,sh000300
533,2016-03-11,2990.21,3018.28,3026.44,2982.17,73333564.0,sh000300
534,2016-03-14,3039.57,3065.69,3106.8,3034.0,117108655.0,sh000300
535,2016-03-15,3061.34,3074.78,3077.08,3028.58,98311941.0,sh000300
536,2016-03-16,3068.87,3090.03,3100.35,3064.52,124736448.0,sh000300
537,2016-03-17,3096.81,3124.2,3147.84,3077.57,121661777.0,sh000300
538,2016-03-18,3136.22,3171.96,3197.67,3130.1,197302564.0,sh000300
539,2016-03-21,3203.29,3249.44,3267.78,3198.36,233269464.0,sh000300
540,2016-03-22,3231.61,3225.79,3249.68,3218.73,161020897.0,sh000300
541,2016-03-23,3217.73,3236.09,3242.25,3202.98,125679286.0,sh000300
542,2016-03-24,3211.5,3181.85,3221.91,3181.81,133131122.0,sh000300
543,2016-03-25,3176.81,3197.82,3204.44,3174.32,97395330.0,sh000300
544,2016-03-28,3206.95,3169.73,3229.62,3161.88,103441933.0,sh000300
545,2016-03-29,3171.31,3135.41,3178.07,3122.76,97294747.0,sh000300
546,2016-03-30,3161.29,3216.28,3216.68,3161.29,117802512.0,sh000300
547,2016-03-31,3229.2,3218.09,3241.93,3208.66,121552074.0,sh000300
548,2016-04-01,3213.67,3221.89,3222.61,3165.86,118122139.0,sh000300
549,2016-04-05,3211.3,3264.49,3271.93,3205.21,146047772.0,sh000300
550,2016-04-06,3250.52,3257.53,3267.64,3236.2,120196305.0,sh000300
551,2016-04-07,3266.29,3209.29,3270.82,3208.64,112409467.0,sh000300
552,2016-04-08,3189.85,3185.73,3197.77,3163.3,101005625.0,sh000300
553,2016-04-11,3213.51,3230.1,3251.57,3213.51,125212709.0,sh000300
554,2016-04-12,3227.37,3218.45,3232.26,3198.9,92869437.0,sh000300
555,2016-04-13,3237.86,3261.38,3296.52,3237.86,195613866.0,sh000300
556,2016-04-14,3277.1,3275.83,3286.07,3252.05,113157327.0,sh000300
557,2016-04-15,3279.86,3272.21,3282.98,3261.73,99807529.0,sh000300
558,2016-04-18,3252.67,3228.45,3252.67,3221.66,97090069.0,sh000300
559,2016-04-19,3243.97,3238.3,3250.73,3221.58,80871440.0,sh000300
560,2016-04-20,3244.14,3181.03,3248.42,3107.37,162207858.0,sh000300
561,2016-04-21,3160.8,3160.6,3198.56,3150.94,104752651.0,sh000300
562,2016-04-22,3142.56,3174.9,3175.38,3137.99,77078492.0,sh000300
563,2016-04-25,3164.74,3162.03,3172.27,3137.11,67519351.0,sh000300
564,2016-04-26,3159.77,3179.16,3181.1,3150.4,59020734.0,sh000300
565,2016-04-27,3181.93,3165.92,3188.83,3162.69,60004147.0,sh000300
566,2016-04-28,3169.33,3160.58,3174.77,3135.64,69870660.0,sh000300
567,2016-04-29,3153.54,3156.75,3171.29,3149.4,58029776.0,sh000300
568,2016-05-03,3159.82,3213.54,3218.49,3151.4,98164835.0,sh000300
569,2016-05-04,3203.47,3209.46,3222.88,3198.29,90862408.0,sh000300
570,2016-05-05,3204.17,3213.92,3217.28,3196.57,74733681.0,sh000300
571,2016-05-06,3213.14,3130.35,3216.89,3130.15,108680240.0,sh000300
572,2016-05-09,3115.43,3065.62,3115.43,3055.01,99230477.0,sh000300
573,2016-05-10,3055.21,3069.11,3084.72,3055.18,68849935.0,sh000300
574,2016-05-11,3080.64,3082.81,3102.88,3063.09,81794258.0,sh000300
575,2016-05-12,3059.38,3090.14,3095.35,3035.02,78765726.0,sh000300
576,2016-05-13,3081.68,3074.94,3103.1,3064.69,62629755.0,sh000300
577,2016-05-16,3064.53,3095.31,3095.56,3053.66,59461856.0,sh000300
578,2016-05-17,3095.52,3086.02,3105.2,3073.46,65278125.0,sh000300
579,2016-05-18,3071.53,3068.04,3072.61,3039.46,82715369.0,sh000300
580,2016-05-19,3060.34,3062.5,3086.98,3058.15,60444166.0,sh000300
581,2016-05-20,3047.78,3078.22,3078.53,3041.52,56080842.0,sh000300
582,2016-05-23,3078.51,3087.22,3098.48,3076.5,59697216.0,sh000300
583,2016-05-24,3083.24,3063.56,3083.26,3052.59,58734385.0,sh000300
584,2016-05-25,3079.75,3059.23,3089.1,3054.87,56652803.0,sh000300
585,2016-05-26,3056.6,3064.21,3072.52,3027.44,60392981.0,sh000300
586,2016-05-27,3059.73,3062.5,3073.76,3052.18,60468750.0,sh000300
587,2016-05-30,3056.31,3066.71,3075.26,3037.66,63098579.0,sh000300
588,2016-05-31,3068.6,3169.56,3170.93,3068.6,138863111.0,sh000300
589,2016-06-01,3172.96,3160.55,3181.79,3159.82,113148482.0,sh000300
590,2016-06-02,3158.03,3167.1,3168.82,3151.07,86003427.0,sh000300
591,2016-06-03,3172.95,3189.33,3201.75,3162.09,101491783.0,sh000300
592,2016-06-06,3192.78,3178.79,3197.22,3168.55,76693751.0,sh000300
593,2016-06-07,3182.44,3177.05,3186.62,3168.18,68928314.0,sh000300
594,2016-06-08,3171.81,3163.99,3174.97,3148.35,76291775.0,sh000300
595,2016-06-13,3134.05,3066.34,3145.61,3065.77,92975947.0,sh000300
596,2016-06-14,3058.44,3075.98,3078.75,3055.66,66279457.0,sh000300
597,2016-06-15,3043.96,3116.37,3128.67,3042.23,87393257.0,sh000300
598,2016-06-16,3104.36,3094.67,3112.48,3089.48,82974703.0,sh000300
599,2016-06-17,3096.09,3110.36,3131.05,3096.09,85402985.0,sh000300
600,2016-06-20,3114.91,3112.67,3118.73,3089.71,63587141.0,sh000300
601,2016-06-21,3124.9,3106.32,3155.49,3097.94,87965345.0,sh000300
602,2016-06-22,3100.45,3133.96,3134.06,3096.99,66487113.0,sh000300
603,2016-06-23,3129.72,3117.32,3129.72,3102.48,67751738.0,sh000300
604,2016-06-24,3110.65,3077.16,3130.54,3033.97,104792208.0,sh000300
605,2016-06-27,3065.13,3120.54,3120.64,3064.97,83267259.0,sh000300
606,2016-06-28,3107.4,3136.4,3139.43,3099.7,92024637.0,sh000300
607,2016-06-29,3142.48,3151.39,3158.08,3139.13,103723668.0,sh000300
608,2016-06-30,3152.83,3153.92,3163.72,3148.2,79692617.0,sh000300
609,2016-07-01,3156.93,3154.2,3170.26,3148.29,71746283.0,sh000300
610,2016-07-04,3136.39,3204.7,3210.6,3134.02,133310529.0,sh000300
611,2016-07-05,3199.16,3207.38,3216.7,3198.0,130226895.0,sh000300
612,2016-07-06,3197.62,3216.8,3217.52,3183.45,124897458.0,sh000300
613,2016-07-07,3206.55,3209.95,3220.54,3190.12,118595202.0,sh000300
614,2016-07-08,3199.75,3192.28,3204.93,3183.96,89734855.0,sh000300
615,2016-07-11,3199.04,3203.33,3235.96,3197.63,138529511.0,sh000300
616,2016-07-12,3201.91,3273.18,3273.47,3200.3,172534217.0,sh000300
617,2016-07-13,3274.02,3282.87,3300.99,3271.78,175196090.0,sh000300
618,2016-07-14,3277.48,3276.76,3281.95,3259.07,107525798.0,sh000300
619,2016-07-15,3278.84,3276.28,3285.03,3265.29,102665026.0,sh000300
620,2016-07-18,3269.71,3262.02,3281.64,3251.77,110312518.0,sh000300
621,2016-07-19,3260.43,3248.23,3264.73,3226.2,88886861.0,sh000300
622,2016-07-20,3246.86,3237.6,3254.51,3232.26,72701255.0,sh000300
623,2016-07-21,3238.34,3252.52,3271.37,3238.3,86004825.0,sh000300
624,2016-07-22,3251.24,3225.16,3253.77,3220.89,86029128.0,sh000300
625,2016-07-25,3220.17,3230.89,3243.79,3218.14,70203185.0,sh000300
626,2016-07-26,3228.23,3269.59,3269.75,3228.01,81051089.0,sh000300
627,2016-07-27,3270.08,3218.24,3276.51,3157.41,160188665.0,sh000300
628,2016-07-28,3204.46,3221.14,3235.78,3195.27,112779964.0,sh000300
629,2016-07-29,3217.19,3203.93,3225.42,3198.68,88044837.0,sh000300
630,2016-08-01,3196.43,3176.81,3199.98,3156.75,87003497.0,sh000300
631,2016-08-02,3173.76,3189.05,3189.05,3165.54,62167639.0,sh000300
632,2016-08-03,3179.68,3193.51,3197.16,3173.54,72864102.0,sh000300
633,2016-08-04,3190.55,3201.29,3201.55,3170.42,73504373.0,sh000300
634,2016-08-05,3201.35,3205.11,3224.87,3192.86,77196366.0,sh000300
635,2016-08-08,3199.57,3234.18,3234.48,3187.25,86676051.0,sh000300
636,2016-08-09,3232.6,3256.98,3257.33,3229.17,91065259.0,sh000300
637,2016-08-10,3255.18,3243.34,3261.86,3242.75,90430372.0,sh000300
638,2016-08-11,3239.56,3233.36,3274.03,3232.61,101041213.0,sh000300
639,2016-08-12,3231.81,3294.23,3294.23,3231.14,116254044.0,sh000300
640,2016-08-15,3303.47,3393.42,3417.91,3302.38,220543421.0,sh000300
641,2016-08-16,3403.38,3378.25,3418.69,3372.02,196389740.0,sh000300
642,2016-08-17,3377.77,3373.05,3394.39,3356.92,138847688.0,sh000300
643,2016-08-18,3369.95,3364.49,3394.79,3349.69,142380169.0,sh000300
644,2016-08-19,3358.55,3365.02,3374.04,3341.19,119961508.0,sh000300
645,2016-08-22,3364.68,3336.79,3372.83,3335.47,107951008.0,sh000300
646,2016-08-23,3332.62,3341.83,3359.65,3324.96,92924516.0,sh000300
647,2016-08-24,3341.93,3329.86,3348.13,3323.73,81191429.0,sh000300
648,2016-08-25,3314.08,3308.97,3315.08,3279.81,100589153.0,sh000300
649,2016-08-26,3312.5,3307.09,3328.95,3301.74,81530691.0,sh000300
650,2016-08-29,3306.57,3307.78,3315.08,3297.07,77036333.0,sh000300
651,2016-08-30,3310.32,3311.99,3325.12,3304.6,75725987.0,sh000300
652,2016-08-31,3310.57,3327.79,3333.97,3304.66,79570805.0,sh000300
653,2016-09-01,3326.74,3301.58,3329.35,3301.21,84947219.0,sh000300
654,2016-09-02,3298.72,3314.11,3320.43,3295.76,82791803.0,sh000300
655,2016-09-05,3321.01,3319.68,3338.42,3314.63,78292477.0,sh000300
656,2016-09-06,3322.02,3342.63,3347.95,3300.13,98283998.0,sh000300
657,2016-09-07,3344.07,3340.82,3357.36,3337.75,102940106.0,sh000300
658,2016-09-08,3338.01,3339.56,3343.4,3328.23,71916158.0,sh000300
659,2016-09-09,3339.37,3318.04,3344.95,3318.04,82657036.0,sh000300
660,2016-09-12,3271.87,3262.6,3276.72,3234.57,122917682.0,sh000300
661,2016-09-13,3265.34,3260.33,3269.22,3246.39,67180288.0,sh000300
662,2016-09-14,3245.74,3238.73,3255.0,3231.34,70432697.0,sh000300
663,2016-09-19,3242.74,3263.12,3264.9,3242.74,58831082.0,sh000300
664,2016-09-20,3264.66,3257.4,3265.04,3252.39,52784206.0,sh000300
665,2016-09-21,3257.71,3266.64,3270.9,3254.32,59142979.0,sh000300
666,2016-09-22,3281.47,3291.12,3303.2,3277.98,75753542.0,sh000300
667,2016-09-23,3292.28,3275.67,3293.92,3275.02,57993986.0,sh000300
668,2016-09-26,3267.69,3220.28,3267.69,3220.28,70452186.0,sh000300
669,2016-09-27,3214.87,3240.75,3240.78,3214.44,58460550.0,sh000300
670,2016-09-28,3243.65,3230.89,3243.65,3228.0,44727498.0,sh000300
671,2016-09-29,3234.86,3244.39,3257.77,3234.8,55452556.0,sh000300
672,2016-09-30,3240.18,3253.28,3260.94,3239.04,44978022.0,sh000300
673,2016-10-10,3265.36,3293.87,3294.64,3258.96,80519260.0,sh000300
674,2016-10-11,3296.87,3306.56,3308.0,3292.88,87713163.0,sh000300
675,2016-10-12,3299.14,3300.01,3302.56,3289.75,68669781.0,sh000300
676,2016-10-13,3299.16,3302.65,3307.41,3292.4,81224198.0,sh000300
677,2016-10-14,3298.73,3305.85,3306.69,3285.73,82316271.0,sh000300
678,2016-10-17,3305.96,3277.88,3309.01,3271.54,86113509.0,sh000300
679,2016-10-18,3272.68,3321.33,3321.33,3272.68,102860714.0,sh000300
680,2016-10-19,3323.3,3316.24,3332.52,3309.83,101167725.0,sh000300
681,2016-10-20,3317.18,3318.6,3324.9,3312.17,79238871.0,sh000300
682,2016-10-21,3315.72,3327.74,3341.56,3309.18,109785176.0,sh000300
683,2016-10-24,3332.51,3367.58,3382.83,3330.97,153014345.0,sh000300
684,2016-10-25,3367.48,3367.45,3373.91,3356.59,111191693.0,sh000300
685,2016-10-26,3365.2,3354.8,3367.83,3349.57,98024786.0,sh000300
686,2016-10-27,3351.46,3345.7,3352.35,3335.13,77629851.0,sh000300
687,2016-10-28,3347.14,3340.13,3370.75,3337.29,93133309.0,sh000300
688,2016-10-31,3332.41,3336.28,3340.47,3317.33,71352863.0,sh000300
689,2016-11-01,3338.71,3359.05,3359.39,3334.46,74938199.0,sh000300
690,2016-11-02,3350.71,3333.35,3356.4,3331.38,91197104.0,sh000300
691,2016-11-03,3326.9,3365.08,3379.99,3324.84,126223504.0,sh000300
692,2016-11-04,3362.21,3354.17,3377.64,3348.43,104069655.0,sh000300
693,2016-11-07,3353.44,3356.59,3362.74,3342.31,99877988.0,sh000300
694,2016-11-08,3367.7,3371.12,3383.92,3361.13,103148282.0,sh000300
695,2016-11-09,3370.6,3353.05,3373.1,3322.08,139110059.0,sh000300
696,2016-11-10,3374.91,3390.61,3403.02,3374.91,134705535.0,sh000300
697,2016-11-11,3387.95,3417.22,3422.67,3382.89,198781496.0,sh000300
698,2016-11-14,3409.22,3430.25,3452.62,3408.14,213247105.0,sh000300
699,2016-11-15,3428.87,3429.87,3434.92,3415.99,134566320.0,sh000300
700,2016-11-16,3432.43,3429.59,3435.64,3419.24,129808511.0,sh000300
701,2016-11-17,3423.47,3436.53,3437.67,3412.88,121561731.0,sh000300
702,2016-11-18,3437.49,3417.46,3443.12,3413.27,115951205.0,sh000300
703,2016-11-21,3412.65,3441.11,3463.14,3412.08,146434529.0,sh000300
704,2016-11-22,3443.22,3468.36,3469.22,3443.22,168523446.0,sh000300
705,2016-11-23,3473.9,3474.73,3492.96,3465.76,162388504.0,sh000300
706,2016-11-24,3468.81,3488.74,3508.16,3467.01,145746301.0,sh000300
707,2016-11-25,3490.04,3521.3,3521.3,3463.95,153621506.0,sh000300
708,2016-11-28,3538.68,3535.08,3553.36,3528.32,207375483.0,sh000300
709,2016-11-29,3525.9,3564.04,3583.72,3521.38,236918356.0,sh000300
710,2016-11-30,3557.64,3538.0,3567.07,3527.02,178560178.0,sh000300
711,2016-12-01,3543.96,3565.04,3575.97,3543.25,180170761.0,sh000300
712,2016-12-02,3559.77,3528.95,3562.55,3516.79,196355480.0,sh000300
713,2016-12-05,3473.69,3469.41,3496.88,3457.34,180852355.0,sh000300
714,2016-12-06,3466.24,3459.15,3477.59,3456.81,115529090.0,sh000300
715,2016-12-07,3458.37,3475.75,3475.75,3445.76,114345103.0,sh000300
716,2016-12-08,3481.81,3470.14,3484.34,3466.51,117383922.0,sh000300
717,2016-12-09,3464.87,3493.7,3507.93,3461.76,150303308.0,sh000300
718,2016-12-12,3489.27,3409.18,3495.8,3400.79,187467751.0,sh000300
719,2016-12-13,3394.21,3405.04,3416.21,3370.6,121105097.0,sh000300
720,2016-12-14,3399.41,3378.95,3412.28,3378.27,124007744.0,sh000300
721,2016-12-15,3363.86,3340.43,3378.04,3327.14,114960660.0,sh000300
722,2016-12-16,3335.36,3346.03,3356.29,3330.49,90775422.0,sh000300
723,2016-12-19,3342.34,3328.98,3344.86,3325.0,81640678.0,sh000300
724,2016-12-20,3328.3,3309.06,3329.1,3289.27,87569592.0,sh000300
725,2016-12-21,3313.75,3338.54,3342.48,3313.75,108254995.0,sh000300
726,2016-12-22,3335.12,3335.67,3340.36,3322.72,92277249.0,sh000300
727,2016-12-23,3333.4,3307.6,3334.89,3300.88,97444713.0,sh000300
728,2016-12-26,3293.22,3322.4,3322.42,3267.05,89793982.0,sh000300
729,2016-12-27,3319.21,3316.39,3330.23,3315.83,75486359.0,sh000300
730,2016-12-28,3315.75,3301.89,3320.55,3293.17,69000437.0,sh000300
731,2016-12-29,3297.04,3297.76,3312.11,3288.1,70087923.0,sh000300
732,2016-12-30,3302.6,3310.08,3313.55,3295.75,71744116.0,sh000300
733,2017-01-03,3313.95,3342.23,3345.26,3313.95,86567896.0,sh000300
734,2017-01-04,3340.56,3368.31,3369.57,3338.15,90050827.0,sh000300
735,2017-01-05,3368.34,3367.79,3373.41,3361.46,88336357.0,sh000300
736,2017-01-06,3366.85,3347.67,3368.87,3346.89,87459114.0,sh000300
737,2017-01-09,3345.75,3363.9,3366.22,3344.35,83707942.0,sh000300
738,2017-01-10,3361.64,3358.27,3370.51,3354.09,83819160.0,sh000300
739,2017-01-11,3355.8,3334.5,3366.63,3334.3,91071438.0,sh000300
740,2017-01-12,3332.69,3317.62,3343.13,3315.96,81239135.0,sh000300
741,2017-01-13,3317.96,3319.91,3338.17,3309.37,84180589.0,sh000300
742,2017-01-16,3314.15,3319.45,3322.78,3264.21,157779135.0,sh000300
743,2017-01-17,3305.6,3326.36,3327.38,3292.2,69453328.0,sh000300
744,2017-01-18,3323.34,3339.37,3350.96,3320.41,70623227.0,sh000300
745,2017-01-19,3330.95,3329.29,3346.5,3324.68,66159808.0,sh000300
746,2017-01-20,3326.98,3354.89,3358.41,3326.37,65300462.0,sh000300
747,2017-01-23,3359.05,3364.08,3378.74,3355.85,75557498.0,sh000300
748,2017-01-24,3363.14,3364.45,3371.32,3355.9,66194226.0,sh000300
749,2017-01-25,3361.66,3375.9,3376.44,3357.22,58376931.0,sh000300
750,2017-01-26,3378.26,3387.96,3395.88,3378.26,65316647.0,sh000300
751,2017-02-03,3390.93,3364.49,3392.48,3362.57,55188861.0,sh000300
752,2017-02-06,3368.11,3373.21,3381.33,3358.75,68521360.0,sh000300
753,2017-02-07,3371.77,3365.68,3376.71,3354.62,63754462.0,sh000300
754,2017-02-08,3361.78,3383.29,3383.69,3347.43,75402879.0,sh000300
755,2017-02-09,3381.9,3396.29,3406.59,3379.79,97558515.0,sh000300
756,2017-02-10,3398.32,3413.49,3422.33,3398.03,123768720.0,sh000300
757,2017-02-13,3416.92,3436.27,3439.54,3416.87,120144538.0,sh000300
758,2017-02-14,3438.51,3435.8,3440.67,3424.4,94809465.0,sh000300
759,2017-02-15,3435.39,3421.71,3448.03,3417.08,127643338.0,sh000300
760,2017-02-16,3421.83,3440.93,3440.93,3418.35,108276962.0,sh000300
761,2017-02-17,3443.62,3421.44,3457.56,3419.61,114600036.0,sh000300
762,2017-02-20,3421.64,3471.39,3472.6,3421.64,132628862.0,sh000300
763,2017-02-21,3475.06,3482.82,3490.09,3472.02,114842009.0,sh000300
764,2017-02-22,3483.2,3489.76,3489.95,3473.52,102815994.0,sh000300
765,2017-02-23,3487.57,3473.32,3492.96,3460.12,99536330.0,sh000300
766,2017-02-24,3468.96,3473.85,3473.85,3455.25,95535133.0,sh000300
767,2017-02-27,3471.13,3446.22,3472.84,3441.39,98672160.0,sh000300
768,2017-02-28,3445.03,3452.81,3460.91,3441.36,75215260.0,sh000300
769,2017-03-01,3452.21,3458.44,3472.7,3449.11,103260354.0,sh000300
770,2017-03-02,3463.48,3435.1,3468.47,3434.0,89898077.0,sh000300
771,2017-03-03,3424.66,3427.86,3428.88,3412.83,80994652.0,sh000300
772,2017-03-06,3427.25,3446.48,3449.03,3425.9,83070882.0,sh000300
773,2017-03-07,3446.16,3453.96,3454.04,3440.06,80334720.0,sh000300
774,2017-03-08,3452.2,3448.73,3457.04,3441.26,79587690.0,sh000300
775,2017-03-09,3442.9,3426.94,3443.05,3414.68,84570381.0,sh000300
776,2017-03-10,3423.98,3427.89,3436.24,3423.94,70016199.0,sh000300
777,2017-03-13,3425.67,3458.1,3458.1,3412.69,91684124.0,sh000300
778,2017-03-14,3456.66,3456.69,3465.39,3448.9,77077963.0,sh000300
779,2017-03-15,3452.21,3463.64,3463.92,3445.27,79104954.0,sh000300
780,2017-03-16,3472.27,3481.51,3492.13,3472.27,106333913.0,sh000300
781,2017-03-17,3485.31,3445.81,3488.5,3441.47,103755560.0,sh000300
782,2017-03-20,3449.05,3449.61,3454.06,3429.83,88734322.0,sh000300
783,2017-03-21,3449.77,3466.35,3466.7,3445.64,87707855.0,sh000300
784,2017-03-22,3450.75,3450.05,3464.33,3433.5,104935894.0,sh000300
785,2017-03-23,3452.41,3461.98,3470.82,3435.69,94318062.0,sh000300
786,2017-03-24,3464.2,3489.6,3499.32,3461.11,125645833.0,sh000300
787,2017-03-27,3488.76,3478.04,3505.98,3474.52,107015377.0,sh000300
788,2017-03-28,3480.25,3469.81,3482.29,3461.47,84194820.0,sh000300
789,2017-03-29,3472.97,3465.19,3483.06,3455.55,104851706.0,sh000300
790,2017-03-30,3461.62,3436.76,3467.3,3422.37,116376922.0,sh000300
791,2017-03-31,3434.82,3456.05,3456.31,3430.82,91577491.0,sh000300
792,2017-04-05,3476.42,3503.89,3504.54,3475.15,143399017.0,sh000300
793,2017-04-06,3507.99,3514.05,3517.78,3495.72,136767004.0,sh000300
794,2017-04-07,3514.45,3517.46,3526.81,3506.39,140293204.0,sh000300
795,2017-04-10,3519.46,3505.14,3522.8,3502.08,141887380.0,sh000300
796,2017-04-11,3503.83,3517.33,3520.13,3466.14,165945832.0,sh000300
797,2017-04-12,3514.57,3509.44,3523.1,3498.0,181824537.0,sh000300
798,2017-04-13,3500.28,3514.57,3518.44,3496.57,129981813.0,sh000300
799,2017-04-14,3516.81,3486.5,3517.47,3476.95,135474078.0,sh000300
800,2017-04-17,3475.74,3479.94,3480.57,3453.68,117164961.0,sh000300
801,2017-04-18,3474.89,3462.74,3489.08,3462.63,110927823.0,sh000300
802,2017-04-19,3452.99,3445.88,3459.35,3418.51,121349264.0,sh000300
803,2017-04-20,3444.52,3461.55,3465.61,3440.72,114184208.0,sh000300
804,2017-04-21,3461.39,3466.79,3475.56,3449.54,104419110.0,sh000300
805,2017-04-24,3458.23,3431.26,3458.23,3403.98,114660791.0,sh000300
806,2017-04-25,3427.73,3440.97,3449.67,3422.65,94072148.0,sh000300
807,2017-04-26,3440.25,3445.18,3466.57,3439.15,111940029.0,sh000300
808,2017-04-27,3435.1,3446.72,3449.27,3399.54,123298425.0,sh000300
809,2017-04-28,3439.57,3439.75,3439.9,3417.24,101632351.0,sh000300
810,2017-05-02,3427.92,3426.58,3436.31,3418.67,92797462.0,sh000300
811,2017-05-03,3421.76,3413.13,3432.22,3403.08,91669624.0,sh000300
812,2017-05-04,3404.94,3404.39,3421.4,3391.28,103482075.0,sh000300
813,2017-05-05,3393.48,3382.55,3395.45,3366.56,109895333.0,sh000300
814,2017-05-08,3369.11,3358.81,3374.16,3339.57,123749287.0,sh000300
815,2017-05-09,3342.6,3352.53,3358.05,3327.59,76771668.0,sh000300
816,2017-05-10,3350.65,3337.7,3369.43,3336.0,92082628.0,sh000300
817,2017-05-11,3322.95,3356.65,3359.6,3312.89,109252890.0,sh000300
818,2017-05-12,3350.94,3385.38,3387.27,3349.17,93386466.0,sh000300
819,2017-05-15,3391.59,3399.19,3406.58,3391.59,82977611.0,sh000300
820,2017-05-16,3390.93,3428.65,3428.85,3373.55,105242416.0,sh000300
821,2017-05-17,3423.19,3409.97,3433.97,3408.15,99736837.0,sh000300
822,2017-05-18,3387.67,3398.11,3409.93,3383.94,85759589.0,sh000300
823,2017-05-19,3395.23,3403.85,3405.94,3392.38,71473525.0,sh000300
824,2017-05-22,3400.59,3411.24,3424.18,3391.17,92539559.0,sh000300
825,2017-05-23,3405.03,3424.19,3434.77,3401.53,116911033.0,sh000300
826,2017-05-24,3409.72,3424.17,3424.17,3383.89,83553161.0,sh000300
827,2017-05-25,3414.4,3485.66,3490.42,3413.22,130721631.0,sh000300
828,2017-05-26,3479.62,3480.43,3498.31,3473.04,103241153.0,sh000300
829,2017-05-31,3495.07,3492.88,3515.08,3474.92,104829744.0,sh000300
830,2017-06-01,3485.22,3497.74,3499.81,3476.43,103127724.0,sh000300
831,2017-06-02,3491.59,3486.51,3498.12,3470.2,82668010.0,sh000300
832,2017-06-05,3480.17,3468.75,3484.12,3462.31,79738152.0,sh000300
833,2017-06-06,3464.38,3492.88,3492.88,3460.45,64089388.0,sh000300
834,2017-06-07,3493.88,3533.87,3537.09,3491.13,104419968.0,sh000300
835,2017-06-08,3531.24,3560.98,3562.27,3528.18,90224905.0,sh000300
836,2017-06-09,3561.24,3576.17,3590.89,3560.63,101188265.0,sh000300
837,2017-06-12,3570.22,3574.39,3603.69,3565.9,90381167.0,sh000300
838,2017-06-13,3569.16,3582.27,3584.41,3559.21,75177138.0,sh000300
839,2017-06-14,3571.25,3535.3,3571.25,3530.27,83810783.0,sh000300
840,2017-06-15,3530.75,3528.79,3542.28,3508.95,82632535.0,sh000300
841,2017-06-16,3522.97,3518.76,3536.14,3514.39,76452707.0,sh000300
842,2017-06-19,3520.06,3553.67,3554.91,3520.06,79797141.0,sh000300
843,2017-06-20,3560.79,3546.49,3563.7,3539.51,80509559.0,sh000300
844,2017-06-21,3567.13,3587.96,3587.99,3545.57,87859824.0,sh000300
845,2017-06-22,3583.56,3590.34,3635.53,3581.34,135526987.0,sh000300
846,2017-06-23,3583.44,3622.88,3623.24,3569.32,105129134.0,sh000300
847,2017-06-26,3627.02,3668.09,3671.94,3627.02,134637995.0,sh000300
848,2017-06-27,3665.58,3674.72,3676.53,3648.76,97558702.0,sh000300
849,2017-06-28,3664.16,3646.17,3672.19,3644.03,97920858.0,sh000300
850,2017-06-29,3649.25,3668.83,3669.13,3644.73,85589498.0,sh000300
851,2017-06-30,3654.73,3666.8,3669.76,3646.23,81510028.0,sh000300
852,2017-07-03,3667.23,3650.85,3667.6,3633.78,88820860.0,sh000300
853,2017-07-04,3646.83,3619.98,3646.85,3611.69,95071413.0,sh000300
854,2017-07-05,3611.9,3659.68,3660.73,3610.46,88232425.0,sh000300
855,2017-07-06,3654.56,3660.1,3666.77,3629.56,102379245.0,sh000300
856,2017-07-07,3647.64,3655.93,3657.11,3631.87,103735497.0,sh000300
857,2017-07-10,3647.94,3653.69,3667.85,3641.53,120591910.0,sh000300
858,2017-07-11,3646.88,3670.81,3701.21,3645.99,118760826.0,sh000300
859,2017-07-12,3672.63,3658.82,3691.58,3640.59,122287792.0,sh000300
860,2017-07-13,3656.35,3686.92,3690.48,3652.57,125669549.0,sh000300
861,2017-07-14,3682.62,3703.09,3703.09,3672.74,105514005.0,sh000300
862,2017-07-17,3700.62,3663.56,3716.47,3621.37,178821600.0,sh000300
863,2017-07-18,3648.49,3667.18,3667.54,3622.04,124622056.0,sh000300
864,2017-07-19,3660.87,3729.75,3731.05,3658.2,182477787.0,sh000300
865,2017-07-20,3725.14,3747.88,3750.19,3723.07,142410039.0,sh000300
866,2017-07-21,3738.18,3728.6,3751.69,3722.07,117941226.0,sh000300
867,2017-07-24,3724.38,3743.47,3755.19,3719.85,134868722.0,sh000300
868,2017-07-25,3742.64,3719.56,3752.16,3713.28,121672059.0,sh000300
869,2017-07-26,3722.88,3705.39,3738.53,3684.18,136325210.0,sh000300
870,2017-07-27,3700.86,3712.19,3716.69,3672.5,145002904.0,sh000300
871,2017-07-28,3703.49,3721.89,3725.54,3696.78,111411392.0,sh000300
872,2017-07-31,3722.43,3737.87,3746.52,3713.66,148429039.0,sh000300
873,2017-08-01,3738.74,3770.38,3770.4,3737.1,152546539.0,sh000300
874,2017-08-02,3768.19,3760.85,3784.35,3759.28,172293383.0,sh000300
875,2017-08-03,3755.11,3727.83,3766.35,3718.44,146153944.0,sh000300
876,2017-08-04,3724.72,3707.58,3738.73,3707.0,157470060.0,sh000300
877,2017-08-07,3701.22,3726.79,3730.78,3689.96,124231530.0,sh000300
878,2017-08-08,3724.33,3732.21,3737.33,3718.81,137241928.0,sh000300
879,2017-08-09,3728.03,3731.04,3739.0,3713.57,124679989.0,sh000300
880,2017-08-10,3724.96,3715.92,3746.86,3688.18,130085128.0,sh000300
881,2017-08-11,3687.93,3647.35,3700.49,3645.09,150387421.0,sh000300
882,2017-08-14,3651.38,3694.68,3698.37,3651.38,115308451.0,sh000300
883,2017-08-15,3695.78,3706.06,3719.29,3692.28,106444857.0,sh000300
884,2017-08-16,3701.13,3701.42,3707.14,3679.73,104134141.0,sh000300
885,2017-08-17,3707.07,3721.28,3722.62,3704.41,108656251.0,sh000300
886,2017-08-18,3707.19,3724.67,3733.49,3700.41,96561705.0,sh000300
887,2017-08-21,3731.84,3740.99,3744.26,3728.62,100313073.0,sh000300
888,2017-08-22,3745.75,3752.3,3758.29,3734.56,100292856.0,sh000300
889,2017-08-23,3747.61,3756.09,3772.46,3741.72,104961573.0,sh000300
890,2017-08-24,3755.89,3734.65,3765.71,3729.09,89947372.0,sh000300
891,2017-08-25,3736.29,3795.75,3795.97,3736.29,129940900.0,sh000300
892,2017-08-28,3805.66,3842.71,3866.94,3805.66,185576325.0,sh000300
893,2017-08-29,3839.18,3834.54,3847.93,3825.76,128227070.0,sh000300
894,2017-08-30,3834.27,3834.3,3854.71,3827.86,141352857.0,sh000300
895,2017-08-31,3835.84,3822.09,3840.2,3800.89,132944935.0,sh000300
896,2017-09-01,3825.34,3830.54,3843.62,3818.16,158645511.0,sh000300
897,2017-09-04,3828.54,3845.62,3847.09,3813.55,149566320.0,sh000300
898,2017-09-05,3845.55,3857.05,3865.29,3841.95,124964155.0,sh000300
899,2017-09-06,3846.75,3849.45,3858.25,3831.38,131398723.0,sh000300
900,2017-09-07,3851.69,3829.87,3858.16,3828.83,123884181.0,sh000300
901,2017-09-08,3830.07,3825.99,3843.02,3813.98,106036504.0,sh000300
902,2017-09-11,3828.34,3825.65,3850.74,3817.51,123883997.0,sh000300
903,2017-09-12,3832.24,3837.93,3849.39,3822.0,144190242.0,sh000300
904,2017-09-13,3835.55,3842.61,3847.78,3822.94,95410785.0,sh000300
905,2017-09-14,3843.57,3829.96,3854.49,3820.09,115358583.0,sh000300
906,2017-09-15,3826.14,3831.3,3843.3,3818.52,122427006.0,sh000300
907,2017-09-18,3832.96,3843.14,3862.36,3832.96,117934405.0,sh000300
908,2017-09-19,3849.88,3832.12,3857.3,3820.29,112432987.0,sh000300
909,2017-09-20,3830.15,3842.44,3850.94,3827.89,101129542.0,sh000300
910,2017-09-21,3843.26,3837.82,3860.8,3837.38,111098192.0,sh000300
911,2017-09-22,3826.46,3837.73,3842.25,3816.82,100619802.0,sh000300
912,2017-09-25,3829.22,3817.79,3835.39,3811.12,103948976.0,sh000300
913,2017-09-26,3810.33,3820.78,3821.69,3808.38,81869407.0,sh000300
914,2017-09-27,3818.96,3821.2,3832.57,3818.81,85655811.0,sh000300
915,2017-09-28,3821.59,3822.54,3827.33,3813.75,93544069.0,sh000300
916,2017-09-29,3825.2,3836.5,3852.22,3825.2,93306028.0,sh000300
917,2017-10-09,3910.11,3882.21,3918.84,3876.03,135535851.0,sh000300
918,2017-10-10,3883.0,3889.86,3900.74,3855.47,112532586.0,sh000300
919,2017-10-11,3886.82,3902.69,3913.07,3885.5,104418151.0,sh000300
920,2017-10-12,3902.02,3912.95,3917.44,3897.55,94340921.0,sh000300
921,2017-10-13,3912.98,3921.0,3927.17,3908.89,90142068.0,sh000300
922,2017-10-16,3926.28,3913.45,3947.42,3913.32,121355033.0,sh000300
923,2017-10-17,3910.79,3913.07,3924.61,3900.48,82241227.0,sh000300
924,2017-10-18,3914.82,3944.16,3944.41,3914.82,100969841.0,sh000300
925,2017-10-19,3940.58,3931.25,3944.03,3923.65,106527252.0,sh000300
926,2017-10-20,3918.53,3926.85,3928.96,3910.2,72980180.0,sh000300
927,2017-10-23,3930.89,3930.8,3936.27,3920.66,81484980.0,sh000300
928,2017-10-24,3926.23,3959.4,3959.5,3922.03,93058154.0,sh000300
929,2017-10-25,3958.17,3976.95,3978.09,3954.0,88205458.0,sh000300
930,2017-10-26,3980.05,3993.58,4013.6,3973.55,129895465.0,sh000300
931,2017-10-27,3992.55,4021.97,4024.46,3991.35,126672846.0,sh000300
932,2017-10-30,4022.16,4009.72,4033.34,3960.27,157387603.0,sh000300
933,2017-10-31,3995.39,4006.72,4009.28,3983.26,109178779.0,sh000300
934,2017-11-01,4007.91,3996.62,4032.46,3991.32,130417380.0,sh000300
935,2017-11-02,3994.09,3997.13,3999.23,3971.38,126100579.0,sh000300
936,2017-11-03,3992.35,3992.7,3999.34,3963.03,129404439.0,sh000300
937,2017-11-06,3989.18,4020.89,4021.64,3975.41,122081159.0,sh000300
938,2017-11-07,4022.4,4054.25,4064.22,4021.36,152116663.0,sh000300
939,2017-11-08,4051.49,4048.01,4089.15,4040.58,150827719.0,sh000300
940,2017-11-09,4043.07,4075.9,4076.61,4038.4,121056335.0,sh000300
941,2017-11-10,4070.28,4111.91,4116.71,4067.66,141817165.0,sh000300
942,2017-11-13,4115.55,4128.07,4137.65,4115.55,151446309.0,sh000300
943,2017-11-14,4129.27,4099.35,4133.55,4086.89,143236936.0,sh000300
944,2017-11-15,4084.21,4073.67,4102.81,4055.72,120635696.0,sh000300
945,2017-11-16,4063.49,4105.01,4107.62,4062.27,121384414.0,sh000300
946,2017-11-17,4094.08,4120.85,4122.38,4081.37,191784119.0,sh000300
947,2017-11-20,4093.73,4143.83,4144.51,4060.96,137447258.0,sh000300
948,2017-11-21,4131.85,4217.7,4220.26,4129.98,180350821.0,sh000300
949,2017-11-22,4228.37,4227.57,4260.64,4191.15,186477003.0,sh000300
950,2017-11-23,4213.38,4102.4,4214.19,4086.9,178147228.0,sh000300
951,2017-11-24,4089.47,4104.2,4116.59,4057.49,130858040.0,sh000300
952,2017-11-27,4088.93,4049.95,4088.93,4037.15,143455268.0,sh000300
953,2017-11-28,4034.21,4055.82,4056.48,4010.3,102058095.0,sh000300
954,2017-11-29,4061.35,4053.75,4069.24,4004.69,124553642.0,sh000300
955,2017-11-30,4034.01,4006.1,4052.8,3988.0,107983345.0,sh000300
956,2017-12-01,4003.56,3998.14,4027.11,3984.38,97386913.0,sh000300
957,2017-12-04,3989.05,4018.86,4032.99,3982.32,102647219.0,sh000300
958,2017-12-05,4007.94,4040.17,4045.93,4006.54,154087076.0,sh000300
959,2017-12-06,4027.12,4015.82,4031.75,3964.81,109286205.0,sh000300
960,2017-12-07,4003.58,3971.06,4017.95,3955.99,90254045.0,sh000300
961,2017-12-08,3962.83,4003.38,4014.14,3955.44,89282861.0,sh000300
962,2017-12-11,4006.88,4069.5,4069.5,4005.27,97148946.0,sh000300
963,2017-12-12,4068.51,4016.02,4070.15,4015.45,84338718.0,sh000300
964,2017-12-13,4013.83,4050.09,4052.69,4004.74,77546131.0,sh000300
965,2017-12-14,4050.9,4026.15,4057.62,4013.85,80768862.0,sh000300
966,2017-12-15,4018.73,3980.86,4020.27,3974.93,89044389.0,sh000300
967,2017-12-18,3983.3,3985.29,4008.07,3967.93,77853375.0,sh000300
968,2017-12-19,3985.82,4035.33,4035.63,3985.82,77528985.0,sh000300
969,2017-12-20,4036.02,4030.49,4044.85,4015.63,90604503.0,sh000300
970,2017-12-21,4023.08,4067.85,4080.78,4014.65,96836089.0,sh000300
971,2017-12-22,4064.91,4054.6,4076.8,4048.49,73473684.0,sh000300
972,2017-12-25,4057.42,4041.54,4086.93,4026.45,91926962.0,sh000300
973,2017-12-26,4040.62,4053.62,4056.86,4015.3,91118790.0,sh000300
974,2017-12-27,4045.28,3991.21,4047.74,3986.74,105153577.0,sh000300
975,2017-12-28,3993.0,4018.9,4036.7,3980.24,118542886.0,sh000300
976,2017-12-29,4022.88,4030.85,4043.14,4012.88,90486683.0,sh000300
977,2018-01-02,4045.21,4087.4,4087.78,4045.21,146935435.0,sh000300
978,2018-01-03,4091.46,4111.39,4140.05,4088.73,151852218.0,sh000300
979,2018-01-04,4114.12,4128.81,4137.64,4105.89,134543794.0,sh000300
980,2018-01-05,4133.34,4138.75,4151.28,4123.28,149009872.0,sh000300
981,2018-01-08,4140.85,4160.16,4166.32,4127.31,173877666.0,sh000300
982,2018-01-09,4157.54,4189.3,4191.28,4153.5,139034294.0,sh000300
983,2018-01-10,4187.2,4207.81,4211.05,4175.14,151121666.0,sh000300
984,2018-01-11,4197.11,4205.59,4211.8,4181.96,121578539.0,sh000300
985,2018-01-12,4205.14,4225.0,4227.39,4199.02,111354794.0,sh000300
986,2018-01-15,4229.84,4225.24,4262.93,4216.36,170907897.0,sh000300
987,2018-01-16,4215.62,4258.47,4260.21,4213.13,161494963.0,sh000300
988,2018-01-17,4261.78,4248.12,4283.34,4230.54,214311032.0,sh000300
989,2018-01-18,4259.38,4271.42,4292.64,4246.68,172032846.0,sh000300
990,2018-01-19,4281.94,4285.4,4316.57,4269.62,209490570.0,sh000300
991,2018-01-22,4276.48,4336.6,4338.48,4275.9,174643195.0,sh000300
992,2018-01-23,4346.89,4382.61,4383.57,4346.79,201867585.0,sh000300
993,2018-01-24,4389.45,4389.89,4397.82,4349.09,219818889.0,sh000300
994,2018-01-25,4381.98,4365.08,4392.2,4336.24,195374950.0,sh000300
995,2018-01-26,4352.22,4381.3,4403.34,4351.49,177227237.0,sh000300
996,2018-01-29,4387.06,4302.02,4395.91,4287.11,191100354.0,sh000300
997,2018-01-30,4286.68,4256.1,4308.51,4251.57,139034730.0,sh000300
998,2018-01-31,4234.11,4275.9,4287.86,4232.77,145210164.0,sh000300
999,2018-02-01,4276.34,4245.9,4287.39,4214.29,190002934.0,sh000300
1000,2018-02-02,4213.94,4271.23,4271.76,4181.78,146066827.0,sh000300
1001,2018-02-05,4204.46,4274.15,4274.15,4200.14,161347799.0,sh000300
1002,2018-02-06,4182.33,4148.89,4211.52,4131.56,214910450.0,sh000300
1003,2018-02-07,4205.74,4050.5,4212.57,4048.42,203127493.0,sh000300
1004,2018-02-08,4022.88,4012.05,4071.67,3974.68,159269985.0,sh000300
1005,2018-02-09,3896.17,3840.65,3911.29,3759.15,206349828.0,sh000300
1006,2018-02-12,3846.27,3890.1,3907.84,3828.07,116182637.0,sh000300
1007,2018-02-13,3925.6,3935.63,3986.98,3925.6,112565885.0,sh000300
1008,2018-02-14,3945.09,3966.96,3971.4,3923.13,71081338.0,sh000300
1009,2018-02-22,4020.97,4052.73,4058.79,4009.92,105811571.0,sh000300
1010,2018-02-23,4061.75,4071.09,4085.2,4035.23,99458746.0,sh000300
1011,2018-02-26,4093.4,4118.42,4128.74,4048.98,137881001.0,sh000300
1012,2018-02-27,4120.87,4058.98,4120.87,4051.81,125934470.0,sh000300
1013,2018-02-28,4016.79,4023.64,4051.71,3991.71,109343593.0,sh000300
1014,2018-03-01,3994.87,4049.09,4061.03,3986.89,110199852.0,sh000300
1015,2018-03-02,4014.95,4016.46,4044.42,4006.94,96165000.0,sh000300
1016,2018-03-05,4021.66,4018.1,4042.83,3995.87,87952548.0,sh000300
1017,2018-03-06,4034.99,4066.56,4067.55,3998.93,138762444.0,sh000300
1018,2018-03-07,4063.5,4036.65,4089.7,4027.94,106952426.0,sh000300
1019,2018-03-08,4038.95,4077.6,4078.23,4029.71,91155810.0,sh000300
1020,2018-03-09,4088.07,4108.87,4110.67,4076.45,113701808.0,sh000300
1021,2018-03-12,4130.71,4127.67,4139.53,4112.77,140906739.0,sh000300
1022,2018-03-13,4124.33,4091.25,4130.28,4087.56,111766430.0,sh000300
1023,2018-03-14,4076.06,4073.34,4089.09,4066.49,99013409.0,sh000300
1024,2018-03-15,4058.71,4096.16,4098.99,4058.71,88161156.0,sh000300
1025,2018-03-16,4096.89,4056.42,4110.04,4055.82,84896188.0,sh000300
1026,2018-03-19,4054.62,4074.25,4074.52,4033.52,81502882.0,sh000300
1027,2018-03-20,4045.74,4077.7,4080.19,4040.31,80605280.0,sh000300
1028,2018-03-21,4097.02,4061.05,4110.12,4046.24,97609488.0,sh000300
1029,2018-03-22,4062.07,4020.35,4072.38,4003.72,89095259.0,sh000300
1030,2018-03-23,3896.74,3904.94,3928.51,3834.94,180080449.0,sh000300
1031,2018-03-26,3862.69,3879.89,3883.9,3829.92,115139128.0,sh000300
1032,2018-03-27,3927.49,3913.27,3936.78,3881.87,113700711.0,sh000300
1033,2018-03-28,3865.05,3842.72,3907.28,3835.88,101494908.0,sh000300
1034,2018-03-29,3854.59,3894.05,3913.96,3794.26,116629066.0,sh000300
1035,2018-03-30,3893.75,3898.5,3915.35,3879.21,97512270.0,sh000300
1036,2018-04-02,3897.01,3886.92,3937.02,3882.89,111242666.0,sh000300
1037,2018-04-03,3850.15,3862.48,3878.15,3839.93,95137369.0,sh000300
1038,2018-04-04,3873.63,3854.86,3898.61,3852.5,88730609.0,sh000300
1039,2018-04-09,3851.95,3852.93,3870.67,3827.41,84105462.0,sh000300
1040,2018-04-10,3860.72,3927.17,3927.42,3851.8,106173722.0,sh000300
1041,2018-04-11,3934.17,3938.34,3958.71,3924.96,111933021.0,sh000300
1042,2018-04-12,3935.67,3898.64,3937.78,3896.18,82699490.0,sh000300
1043,2018-04-13,3920.74,3871.14,3929.95,3866.19,71544203.0,sh000300
1044,2018-04-16,3862.47,3808.86,3869.16,3789.61,99217770.0,sh000300
1045,2018-04-17,3812.87,3748.64,3822.63,3745.44,90610790.0,sh000300
1046,2018-04-18,3785.31,3766.28,3789.66,3708.11,106676706.0,sh000300
1047,2018-04-19,3774.78,3811.84,3824.03,3767.8,99054060.0,sh000300
1048,2018-04-20,3801.21,3760.85,3815.44,3750.1,99282925.0,sh000300
1049,2018-04-23,3754.69,3766.33,3787.4,3735.18,90356291.0,sh000300
1050,2018-04-24,3769.88,3843.49,3854.43,3769.88,114219525.0,sh000300
1051,2018-04-25,3824.59,3828.7,3838.69,3817.03,78172612.0,sh000300
1052,2018-04-26,3823.39,3755.49,3828.71,3744.89,87150641.0,sh000300
1053,2018-04-27,3771.04,3756.88,3776.98,3714.64,89531726.0,sh000300
1054,2018-05-02,3769.93,3763.65,3787.3,3744.55,83301035.0,sh000300
1055,2018-05-03,3756.17,3793.0,3797.53,3732.37,93961118.0,sh000300
1056,2018-05-04,3784.32,3774.6,3801.52,3770.94,71554288.0,sh000300
1057,2018-05-07,3782.54,3834.19,3834.59,3776.03,87286195.0,sh000300
1058,2018-05-08,3834.61,3878.68,3892.07,3833.73,94215157.0,sh000300
1059,2018-05-09,3876.13,3871.62,3878.94,3855.74,66712966.0,sh000300
1060,2018-05-10,3882.84,3893.06,3894.49,3867.31,70667809.0,sh000300
1061,2018-05-11,3902.15,3872.84,3903.34,3871.95,73356604.0,sh000300
1062,2018-05-14,3886.87,3909.29,3919.3,3886.87,81975999.0,sh000300
1063,2018-05-15,3920.14,3924.1,3924.34,3892.92,76049555.0,sh000300
1064,2018-05-16,3909.82,3892.84,3923.34,3889.19,71913646.0,sh000300
1065,2018-05-17,3895.49,3864.05,3899.51,3858.85,59030123.0,sh000300
1066,2018-05-18,3860.16,3903.06,3903.06,3841.9,72613956.0,sh000300
1067,2018-05-21,3925.54,3921.24,3937.46,3913.6,92641737.0,sh000300
1068,2018-05-22,3918.82,3906.21,3918.82,3881.17,75368778.0,sh000300
1069,2018-05-23,3898.27,3854.58,3898.27,3854.58,83722319.0,sh000300
1070,2018-05-24,3853.29,3827.22,3859.1,3823.92,68345022.0,sh000300
1071,2018-05-25,3823.74,3816.5,3841.12,3804.14,70836386.0,sh000300
1072,2018-05-28,3816.26,3833.26,3846.55,3799.32,71521132.0,sh000300
1073,2018-05-29,3824.19,3804.01,3841.78,3800.67,81552662.0,sh000300
1074,2018-05-30,3755.18,3723.37,3767.89,3722.07,87913285.0,sh000300
1075,2018-05-31,3749.3,3802.38,3804.79,3742.53,92666894.0,sh000300
1076,2018-06-01,3789.67,3770.59,3802.54,3753.84,77821813.0,sh000300
1077,2018-06-04,3785.19,3807.58,3813.41,3776.62,76624341.0,sh000300
1078,2018-06-05,3811.29,3845.32,3845.56,3800.93,78687360.0,sh000300
1079,2018-06-06,3839.68,3837.35,3848.33,3830.9,73117237.0,sh000300
1080,2018-06-07,3846.94,3831.01,3859.85,3827.69,80256147.0,sh000300
1081,2018-06-08,3819.45,3779.62,3819.46,3759.27,83337335.0,sh000300
1082,2018-06-11,3770.21,3779.98,3792.55,3756.51,68709834.0,sh000300
1083,2018-06-12,3783.19,3825.95,3830.47,3765.26,73206244.0,sh000300
1084,2018-06-13,3814.62,3788.34,3817.45,3782.07,66377970.0,sh000300
1085,2018-06-14,3774.64,3773.37,3808.16,3759.25,68471322.0,sh000300
1086,2018-06-15,3763.04,3753.43,3780.34,3737.43,85488893.0,sh000300
1087,2018-06-19,3702.67,3621.12,3712.82,3583.02,160706542.0,sh000300
1088,2018-06-20,3602.55,3635.44,3649.34,3578.17,86718098.0,sh000300
